date,AdrActCnt,IssTotNtv,NVTAdj,SplyCur,TxCnt,TxTfrCnt,TxTfrValAdjNtv,TxTfrValMeanNtv,TxTfrValMedNtv,TxTfrValNtv
2017-08-22,3,200000000,2000000,200000000,2,2,100,50,50,100
2017-08-23,0,0,,200000000,0,0,0,,,0
2017-08-24,0,0,,200000000,0,0,0,,,0
2017-08-25,0,0,,200000000,0,0,0,,,0
2017-08-26,0,0,,200000000,0,0,0,,,0
2017-08-27,0,0,,200000000,0,0,0,,,0
2017-08-28,0,0,,200000000,0,0,0,,,0
2017-08-29,0,0,,200000000,0,0,0,,,0
2017-08-30,0,0,,200000000,0,0,0,,,0
2017-08-31,0,0,,200000000,0,0,0,,,0
2017-09-01,0,0,,200000000,0,0,0,,,0
2017-09-02,2,0,2,200000000,1,1,100000000,100000000,100000000,100000000
2017-09-03,0,0,,200000000,0,0,0,,,0
2017-09-04,0,0,,200000000,0,0,0,,,0
2017-09-05,0,0,,200000000,0,0,0,,,0
2017-09-06,0,0,,200000000,0,0,0,,,0
2017-09-07,5,0,2.00000356,200000000,11,11,99999821.998,9090892.90890909,80.999,99999821.998
2017-09-08,40,0,19.31504205,200000000,51,51,10354624.106644003,203031.84522831,2471,10354624.106644
2017-09-09,17,0,4382.78263398,200000000,17,17,45633.10953400001,2684.30056082,1372.7297,45633.109534
2017-09-10,49,0,9.2338053,181043076.000076,55,53,19606551.148480993,369934.92732983,6973.333064,19606551.148481
2017-09-11,79,0,95.63232447,181043076.000076,90,90,1893115.9207600001,21034.62134178,8886.94164,1893115.92076
2017-09-12,64,0,174.45282502,181043076.000076,64,64,1037776.6939260002,16215.26084259,11512.8691185,1037776.693926
2017-09-13,19,0,337.99642642,181043076.000076,18,18,535636.0655050001,29757.55919472,9901.6270625,535636.065505
2017-09-14,3,0,21603.05118488,181043076.000076,2,2,8380.44008,4190.22004,4190.22004,8380.44008
2017-09-15,5,0,28630.8379017,181043076.000076,4,4,6323.359331000001,1580.83983275,331.920353,6323.359331
2017-09-16,10,0,167.68054448,181043076.000076,10,10,1079690.411052,107969.0411052,5104.922676,1079690.411052
2017-09-17,225,0,61.95043371,181043076.000076,251,251,2922385.9327699994,11642.97184371,2478.624309,2922385.93277
2017-09-18,159,0,178.41942321,181043076.000076,174,174,1014704.9729359997,5831.63777549,1242.5536355,1014704.972936
2017-09-19,98,0,152.84680309,181043076.000076,95,95,1184474.076945,12468.14817837,5496.6978,1184474.076945
2017-09-20,72,0,277.99416324,181043076.000076,71,71,651247.7596340001,9172.50365682,7026.733025,651247.759634
2017-09-21,40,0,409.50709931,181043076.000076,38,38,442099.969218,11634.20971626,1967.741011,442099.969218
2017-09-22,11,0,7848.63816062,181043076.000076,10,10,23066.813923,2306.6813923,1622.985,23066.813923
2017-09-23,29,0,1859.95054478,181043076.000076,37,37,97337.575189,2630.74527538,205.122846,97337.575189
2017-09-24,17,0,1026.50578156,181043076.000076,16,16,176368.29646,11023.01852875,520.095238,176368.29646
2017-09-25,41,0,70.21021422,181043076.000076,38,38,2578586.007886,67857.52652332,3552.487798,2578586.007886
2017-09-26,27,0,3416.50835056,181043076.000076,24,24,52990.672764,2207.9446985,346.2152825,52990.672764
2017-09-27,18,0,9125.95906998,181043076.000076,14,14,19838.252024999998,1417.01800179,365.21508,19838.252025
2017-09-28,15,0,3099.69413354,181043076.000076,15,15,58406.755053999994,3893.78367027,1000,58406.755054
2017-09-29,12,0,12108.05806541,181043076.000076,11,11,14952.280128,1359.29819345,325.76,14952.280128
2017-09-30,31,0,936.90243177,181043076.000076,26,26,193235.78406999997,7432.14554115,1992.8632995,193235.78407
2017-10-01,13,0,8695.34465498,181043076.000076,9,9,20820.690057,2313.41000633,558,20820.690057
2017-10-02,21,0,3960.49110716,181043076.000076,16,16,45712.279387,2857.01746169,414.53231,45712.279387
2017-10-03,9,0,3601.79937041,181043076.000076,12,12,50264.619814,4188.71831783,1997.5,50264.619814
2017-10-04,13,0,3102.49351386,181043076.000076,9,9,58354.054631,6483.78384789,3122.769465,58354.054631
2017-10-05,22,0,1553.45003037,181043076.000076,17,17,116542.581004,6855.44594141,1386.82158,116542.581004
2017-10-06,33,0,133.75118013,181043076.000076,37,37,1353581.14839,36583.27428081,1995,1353581.14839
2017-10-07,31,0,164.59434584,181043076.000076,26,26,1099934.964805,42305.19095404,1068,1099934.964805
2017-10-08,25,0,136.16318426,181043076.000076,20,20,1329603.7176609999,66480.18588305,828.383296,1329603.717661
2017-10-09,20,0,337.3680609,181043076.000076,16,16,536633.715469,33539.60721681,459.2515575,536633.715469
2017-10-10,12,0,5080.61794996,181043076.000076,13,13,35634.066128000006,2741.08200985,319.978327,35634.066128
2017-10-11,21,0,882.57676628,181043076.000076,16,16,205130.11776099997,12820.63236006,2209.539462,205130.117761
2017-10-12,15,0,11921.41578013,181043076.000076,12,12,15186.373778000001,1265.53114817,204.159528,15186.373778
2017-10-13,11,0,16074.65021274,181043076.000076,12,12,11262.644823000002,938.55373525,158.8538365,11262.644823
2017-10-14,2,0,18113.36428215,181043076.000076,1,1,9995,9995,9995,9995
2017-10-15,9,0,183.50197793,181043076.000076,18,18,986600.133942,54811.11855233,0.019,986600.133942
2017-10-16,12,0,253.05319613,181043076.000076,12,12,715434.852322,59619.57102683,634.3626075,715434.852322
2017-10-17,8,0,10199.58826594,181043076.000076,5,5,17750.037676,3550.0075352,1811.836037,17750.037676
2017-10-18,8,0,258.82144752,181043076.000076,7,7,699490.2382820001,99927.17689743,83.000635,699490.238282
2017-10-19,38,0,144.64991663,181043076.000076,33,33,1251594.74829,37927.11358455,232,1251594.74829
2017-10-20,24,0,40.32449227,181043076.000076,20,20,4489655.43784,224482.771892,1481.088208,4489655.43784
2017-10-21,13,0,295.52030868,181043076.000076,10,10,612624.8203060001,61262.4820306,9360.63,612624.820306
2017-10-22,9,0,10509.61151851,181043076.000076,8,8,17226.428939,2153.30361738,1519.4919,17226.428939
2017-10-23,9,0,948.01286082,181043076.000076,16,16,190971.118096,11935.694881,16649.5,190971.118096
2017-10-24,23,0,174.54514167,181043076.000076,21,21,1037227.815526,49391.80073933,729.779141,1037227.815526
2017-10-25,41,0,63.54266831,181043076.000076,62,62,2849157.5948719997,45954.154756,4742.5,2849157.594872
2017-10-26,23,0,23.42654869,181043076.000076,18,18,7728115.585158,429339.754731,9484.975,7728115.585158
2017-10-27,30,0,371.22072422,181043076.000076,24,24,487696.57562200003,20320.69065092,31932.561979,487696.575622
2017-10-28,1501,0,264.38100817,181043076.000076,1502,1502,684780.9426859999,469.22632669,10,704777.942686
2017-10-29,9279,0,3514.32536167,181043076.000076,9285,9285,51515.74125,5.54827585,5,51515.74125
2017-10-30,22476,0,678.55791772,181043076.000076,22495,22495,266805.634819,11.86066392,5,266805.634819
2017-10-31,18,0,4365.19200862,181043076.000076,21,21,41474.252597000006,1974.96440938,100,41474.252597
2017-11-01,24,0,4736.61389357,181043076.000076,18,18,38222.046396000005,2123.447022,1365.471948,38222.046396
2017-11-02,71,0,196.60668383,181043076.000076,68,68,920838.8670859999,13541.74804538,14015.858275,920838.867086
2017-11-03,13,0,2250.78787456,181043076.000076,10,10,80435.423545,8043.5423545,663.9781135,80435.423545
2017-11-04,11,0,14571.18794534,181043076.000076,10,10,12424.73,1242.473,872.5,12424.73
2017-11-05,12,0,10853.90132238,181043076.000076,9,9,16680.000179,1853.33335322,1543,16680.000179
2017-11-06,26,0,5234.59029769,181043076.000076,24,24,34585.911352,1441.07963967,217.3913035,34585.911352
2017-11-07,25,0,2057.39319141,181043076.000076,18,18,87996.342535,4888.68569639,363.9384,87996.342535
2017-11-08,12,0,6048.30262591,181043076.000076,9,9,29932.873270000004,3325.87480778,83.000635,29932.87327
2017-11-09,9,0,25176.26718869,181043076.000076,7,7,7191.021395,1027.28877071,588,7191.021395
2017-11-10,19,0,2158.48770971,181043076.000076,20,20,83874.962635,4193.74813175,1612.5,83874.962635
2017-11-11,4,0,3443.06180822,181043076.000076,4,4,52582,13145.5,11488.5,52582
2017-11-12,9,0,70.69564556,181043076.000076,10,10,2560880.158335,256088.0158335,3999.9975,2560880.158335
2017-11-13,11,0,9015.28336456,181043076.000076,11,11,20081.7954,1825.61776364,1948,20081.7954
2017-11-14,8,0,12.25482409,181043076.000076,6,6,14773208.872575,2462201.4787625,9479.4387875,14773208.872575
2017-11-15,82,0,105.40805044,181043076.000076,81,81,1717545.0569939988,21204.25996289,8535.796959,1717545.056994
2017-11-16,5,0,137.53833606,181043076.000076,5,5,1316309.918984,263261.9837968,991.738,1316309.918984
2017-11-17,9,0,23238.61487899,181043076.000076,6,6,7790.613896,1298.43564933,582.306948,7790.613896
2017-11-18,7,0,6226.35640739,181043076.000076,4,4,29076.8893,7269.222325,2501.15,29076.8893
2017-11-19,11,0,6075.4317814,181043076.000076,19,19,29799.2114,1568.37954737,900,29799.2114
2017-11-20,16,0,2084.7225624,181043076.000076,14,14,86842.767122,6203.05479443,3938.4999995,86842.767122
2017-11-21,6,0,10975.15657017,181043076.000076,5,5,16495.716926,3299.1433852,136,16495.716926
2017-11-22,14,0,6341.4911684,181043076.000076,9,9,28548.9755,3172.10838889,352.286,28548.9755
2017-11-23,14,0,2708.7780333,181043076.000076,14,14,66835.7,4773.97857143,1612.5,66835.7
2017-11-24,0,0,,181043076.000076,0,0,0,,,0
2017-11-25,11,0,1700.42761219,181043076.000076,10,10,106469.146174,10646.9146174,2197.75,106469.146174
2017-11-26,11,0,1087.49030288,181043076.000076,10,10,166477.87619,16647.787619,1772.441095,166477.87619
2017-11-27,11,0,12757.59810615,181043076.000076,9,9,14191.000100000001,1576.77778889,444,14191.0001
2017-11-28,14,0,4250.48529602,181043076.000076,15,15,42593.507186,2839.56714573,2523.140201,42593.507186
2017-11-29,5,0,31886.12768192,181043076.000076,4,4,5677.800635,1419.45015875,1307.3503175,5677.800635
2017-11-30,9,0,11894.28820734,181043076.000076,36,36,15221.009685,425.58360236,83.000635,15321.009685
2017-12-01,8,0,17623.21154796,181043076.000076,5,5,10272.99,2054.598,75,10272.99
2017-12-02,17,0,56913.8874568,181043076.000076,15,15,3181,212.06666667,1,3181
2017-12-03,8,0,6903.43257738,181043076.000076,7,7,26225.080635,3746.44009071,1342.3,26225.080635
2017-12-04,9,0,6720.93085896,181043076.000076,10,10,26937.202569,2693.7202569,636.5,26937.202569
2017-12-05,8,0,110797.47613224,181043076.000076,4,4,1634,408.5,344.5,1634
2017-12-06,18,0,5174.57436512,181043076.000076,13,13,34987.0469,2691.3113,49.9,34987.0469
2017-12-07,17,0,5329.57040969,181043076.000076,13,13,33969.5439,2613.04183846,2000,33969.5439
2017-12-08,0,0,,181043076.000076,0,0,0,,,0
2017-12-09,4,0,2175981.90206212,181043076.000076,2,2,83.200635,41.6003175,41.6003175,83.200635
2017-12-10,13,0,3538.88399213,181043076.000076,13,13,51158.23983,3935.24921769,3202.9,51158.23983
2017-12-11,15,0,7747.28428579,181043076.000076,11,11,23368.585600000002,2124.41687273,2383,23368.5856
2017-12-12,15,0,24035.8272187,181043076.000076,11,11,7532.217399999999,684.74703636,95.9,7532.2174
2017-12-13,18,0,16867.49795959,181043076.000076,14,14,10733.250209000003,766.66072921,100.5,10733.250209
2017-12-14,6,0,40107.01727959,181043076.000076,3,3,4514,1504.66666667,197,4514
2017-12-15,4,0,496404.70523364,181043076.000076,2,2,364.708622,182.354311,182.354311,364.708622
2017-12-16,33,0,14969.77744819,181043076.000076,30,30,12093.905646,403.1301882,190.605263,12093.905646
2017-12-17,6,0,2328.56933942,181043076.000076,4,4,77748.63,19437.1575,19676.815,77748.63
2017-12-18,9,0,35174.48533128,181043076.000076,8,8,5147,643.375,800,5147
2017-12-19,20,0,11494.70019833,181043076.000076,15,15,15750.13466,1050.00897733,525,15750.13466
2017-12-20,17,0,335.19616281,181043076.000076,17,17,540110.8249000001,31771.22499412,50,540110.8249
2017-12-21,57,0,18673.64172684,181043076.000076,53,53,9695.113500000001,182.92666981,0.1,9695.1135
2017-12-22,18,0,180.7016548,181043076.000076,16,16,1001889.419309,62618.08870681,65.5,1001889.419309
2017-12-23,24,0,5013.0727968,181043076.000076,26,26,36114.1925,1389.00740385,800,36114.1925
2017-12-24,16,0,11321.35998541,181043076.000076,11,11,15991.2834,1453.75303636,47.99,15991.2834
2017-12-25,2709,0,4289.57857768,181043076.000076,3628,3628,42205.3292,11.63322194,1,42205.3292
2017-12-26,500,0,2405.92260253,181043076.000076,518,518,75248.9194,145.26818417,1,75248.9194
2017-12-27,18,0,6104.77367757,181043076.000076,15,15,29655.984899999996,1977.06566,266.148,29655.9849
2017-12-28,17,0,5907.51439911,181043076.000076,15,15,30646.235246999997,2043.0823498,83,30646.235247
2017-12-29,32,0,1436.3111836,181043076.000076,28,28,126047.25080999998,4501.68752893,110.4,126047.25081
2017-12-30,14,0,12906.31208883,181043076.000076,11,11,14027.4832,1275.22574545,885.1,14027.4832
2017-12-31,14,0,33275.0034798,181043076.000076,14,14,5440.813135,388.62950964,122.4251,5440.813135
2018-01-01,16,0,7283.67407376,181043076.000076,12,12,24856.010052999998,2071.33417108,211.538709,24856.010053
2018-01-02,38,0,3408.95185059,181043076.000076,31,31,53108.13526699999,1713.16565377,227.99999,53108.135267
2018-01-03,34,0,5475.52079219,181043076.000076,25,25,33064.083376,1322.56333504,403.7,33064.083376
2018-01-04,27,0,5514.14111394,181043076.000076,20,20,32832.506869000004,1641.62534345,229.121185,32832.506869
2018-01-05,28,0,9504.14359236,181043076.000076,24,24,19048.857399999997,793.70239167,206.70915,19048.8574
2018-01-06,38,0,2647.05316451,181043076.000076,42,42,68394.19715,1628.43326548,161.9006,68394.19715
2018-01-07,66,0,3748.07370741,181043076.000076,83,83,48302.965771999996,581.96344304,83.000635,48302.965772
2018-01-08,65,0,2984.61104544,181043076.000076,74,74,60658.850765999996,820.03582116,97.64145,60682.650766
2018-01-09,37,0,34401.18914789,181043076.000076,32,32,5262.6981940000005,164.45931856,50.3887,5262.698194
2018-01-10,52,0,9364.77282017,181043076.000076,46,46,19332.351086,420.26850187,77.57,19332.351086
2018-01-11,47,0,8227.10435736,181043076.000076,39,39,22005.686100000003,564.24836154,44.5,22005.6861
2018-01-12,43,0,19877.68824366,181043076.000076,62,62,9107.853679,146.90086579,9.5,9107.853679
2018-01-13,52,0,21550.01542443,181043076.000076,45,45,8401.064799,186.69032887,21,8401.064799
2018-01-14,47,0,8393.65713096,181043076.000076,39,39,21569.033994999998,553.05215372,50,21569.033995
2018-01-15,40,0,2129.59208974,181043076.000076,40,40,85013.0299,2125.3257475,113.79795,85013.0299
2018-01-16,159,0,3389.61810294,181043076.000076,159,159,53411.05413700001,335.91857948,0.01,53411.054137
2018-01-17,89,0,7892.9398969,181043076.000076,90,90,22937.343799,254.85937554,0.01,22937.343799
2018-01-18,160,0,48550.1322826,181043076.000076,162,162,3728.9924350000006,23.01847182,0.01,3728.992435
2018-01-19,641,0,3074.5632324,181043076.000076,790,786,58884.160876,74.91623521,0.01,58884.160876
2018-01-20,2139,0,42659.31944793,181043076.000076,2303,2302,4243.927899999996,1.84358293,0.01,4243.9279
2018-01-21,5470,0,13939.38593338,181043076.000076,5720,5720,12987.880303000029,2.27060844,0.01,12987.880303
2018-01-22,8630,0,596.48949604,181043076.000076,8833,8832,303514.2734290049,34.95406176,0.01,308714.273429
2018-01-23,19,0,49386.99300085,181043076.000076,19,19,3665.8048,192.93709474,100,3665.8048
2018-01-24,21,0,7399.47205926,181043076.000076,18,18,24467.0261,1359.27922778,290.75,24467.0261
2018-01-25,33,0,13006.09115677,181043076.000076,29,29,13919.868299999998,479.99545862,130.75,13919.8683
2018-01-26,52,0,8614.36653321,181043076.000076,58,58,21016.411979000004,362.35193067,87.000635,21016.411979
2018-01-27,39,0,9193.72974612,181043076.000076,33,33,19692.016298000002,596.72776661,44.5149,19692.016298
2018-01-28,20,0,110655.47285783,181043076.000076,18,18,1636.096899,90.89427217,9.95,1636.096899
2018-01-29,23,0,70990.0855039,181043076.000076,16,16,2550.2585989999993,159.39116244,70.365,2550.258599
2018-01-30,28,0,14994.15118902,181043076.000076,22,22,12074.246398999998,548.82938177,100,12074.246399
2018-01-31,21,0,4533.53638076,181043076.000076,18,18,39934.184,2496.34355556,75,44934.184
2018-02-01,23,0,39532.58189078,181043076.000076,20,20,4579.5915,228.979575,53.45,4579.5915
2018-02-02,20,0,24547.390234,181043076.000076,18,18,7375.247399999999,409.73596667,116.96215,7375.2474
2018-02-03,19,0,55861.35486788,181043076.000076,20,20,3240.9359999999997,162.0468,55.9492,3240.936
2018-02-04,14,0,29774.07299554,181043076.000076,10,10,6080.561299999999,608.05613,71.10715,6080.5613
2018-02-05,24,0,16053.65397533,181043076.000076,25,25,11277.375,451.095,200,11277.375
2018-02-06,16,0,31923.25078406,181043076.000076,13,13,5671.198,436.246,100,5671.198
2018-02-07,8,0,80409.60054068,181043076.000076,6,6,2251.5107,375.25178333,189.68575,2251.5107
2018-02-08,14,0,66948.1163909,181043076.000076,11,11,2704.22957,245.83905182,55.652,2704.22957
2018-02-09,18,0,52520.90635035,181043076.000076,15,15,3447.0668650000002,229.80445767,99.5,3447.066865
2018-02-10,18,0,14926.37318981,181043076.000076,14,14,12129.073399,866.36238564,84.30715,12129.073399
2018-02-11,38,0,37001.90042327,181043076.000076,37,37,4892.804800000001,132.23796757,12.78,4892.8048
2018-02-12,26,0,3396.01133574,181043076.000076,28,28,53310.50403,1903.9465725,208.04,53310.50403
2018-02-13,36,0,1525.878549,181043076.000076,40,40,118648.418066,2966.21045165,0.001,118648.418066
2018-02-14,31,0,2694.13327609,181043076.000076,27,27,67199.00518899999,2488.85204404,79.5,67199.005189
2018-02-15,12,0,19594.4418265,181043076.000076,9,9,9239.511776000001,1026.61241956,132.56,9239.511776
2018-02-16,12,0,32517.7305194,181043076.000076,12,12,5567.5188,463.9599,91.9879,5567.5188
2018-02-17,11,0,64128.54471086,181043076.000076,8,8,2823.127779,352.89097238,41.98745,2823.127779
2018-02-18,13,0,35670.77974402,181043076.000076,12,12,5075.388800000001,422.94906667,52.1181,5075.3888
2018-02-19,27,0,13605.84839531,181043076.000076,26,26,13306.268800000002,511.77956923,113.1775,13306.2688
2018-02-20,34,0,32341.66876778,181043076.000076,24,24,5597.827289000001,233.24280371,50.92,5597.827289
2018-02-21,12,0,100659.32069239,181043076.000076,9,9,1798.5724,199.84137778,190.0735,1798.5724
2018-02-22,14,0,134184.57462462,181043076.000076,12,12,1349.2093,112.43410833,22.9311,1349.2093
2018-02-23,7,0,539157.57762044,181043076.000076,5,5,335.7888,67.15776,30.31,335.7888
2018-02-24,11,0,98269.57833659,181043076.000076,10,10,1842.3105,184.23105,33.4541,1842.3105
2018-02-25,15,0,95231.42275947,181043076.000076,10,10,1901.08549,190.108549,106,1901.08549
2018-02-26,14,0,15753.89362518,181043076.000076,11,11,11491.9575,1044.72340909,54.445,11491.9575
2018-02-27,18,0,19490.01344869,181043076.000076,18,18,9289.017499999998,516.05652778,156.25,9289.0175
2018-02-28,13,0,7429.11198917,181043076.000076,15,15,24369.41,1624.62733333,82.4,24369.41
2018-03-01,15,0,29701.52696696,181043076.000076,11,11,6095.413081,554.12846191,128.9144,6095.413081
2018-03-02,28,0,11693.37348869,181043076.000076,29,29,15482.536,1028.53376552,8.7,29827.4792
2018-03-03,5,0,409528.37627851,181043076.000076,3,3,442.077,147.359,167,442.077
2018-03-04,7,0,147670.59869123,181043076.000076,5,5,1225.9927,245.19854,138.2146,1225.9927
2018-03-05,12,0,74295.82408673,181043076.000076,14,14,2436.7867,174.05619286,114.5823,2436.7867
2018-03-06,15,0,51704.0013897,181043076.000076,11,11,3501.5293040000006,318.32084582,27.975852,3501.529304
2018-03-07,29,0,2079.39841072,181043076.000076,38,38,87065.121848,2291.18741705,637.2699995,87065.121848
2018-03-08,10,0,26447.83683775,181043076.000076,8,8,6845.2886,855.661075,243.8411,6845.2886
2018-03-09,15,0,23350.25325193,181043076.000076,11,11,7753.3667000000005,704.85151818,227.8,7753.3667
2018-03-10,9,0,32182.57391584,181043076.000076,7,7,5625.5001999999995,803.64288571,154.553,5625.5002
2018-03-11,13,0,41652.27430267,181043076.000076,14,14,4346.53519,310.46679929,184.81935,4346.53519
2018-03-12,17,0,14597.92887743,181043076.000076,15,15,12401.97,826.798,220,12401.97
2018-03-13,9,0,64138.17702023,181043076.000076,6,6,2822.7038,470.45063333,41.9195,2822.7038
2018-03-14,24,0,19094.22940195,181043076.000076,23,23,9481.5597,412.24172609,100.5,9481.5597
2018-03-15,28,0,64457.47481098,181043076.000076,23,23,2808.7212,122.11831304,7.72,2808.7212
2018-03-16,17,0,36033.83596139,181043076.000076,16,16,5024.2521,314.01575625,52.7284,5024.2521
2018-03-17,8,0,75403.67121846,181043076.000076,6,6,2400.9849,400.16415,314.1,2400.9849
2018-03-18,12,0,62966.12138797,181043076.000076,10,10,2875.245799,287.5245799,98.4542,2875.245799
2018-03-19,6,0,422737.18611369,181043076.000076,5,5,428.26390000000004,85.65278,57.7627,428.2639
2018-03-20,10,0,78602.66256355,181043076.000076,8,8,2303.2690000000002,287.908625,51.94225,2303.269
2018-03-21,17,0,30006.25173214,181043076.000076,14,14,6033.511869999999,430.96513357,54.5087,6033.51187
2018-03-22,5,0,89138.78595375,181043076.000076,5,5,2031.0247,406.20494,17.5,2031.0247
2018-03-23,17,0,8487.1214012,181043076.000076,14,14,21331.5054,1523.67895714,49.725,21331.5054
2018-03-24,17,0,47838.01661142,181043076.000076,16,16,3784.5021350000006,236.53138344,63.00995,3784.502135
2018-03-25,8,0,526298.26220475,181043076.000076,6,6,343.99330000000003,57.33221667,57.09665,343.9933
2018-03-26,20,0,11758.4622453,181043076.000076,17,17,15396.832699999999,905.69604118,143.5152,15396.8327
2018-03-27,7,0,15942.0927234,181043076.000076,4,4,11356.293,2839.07325,669.2266,11356.293
2018-03-28,27,0,80188.78450723,181043076.000076,21,21,2257.71069,107.51003286,7.6,2257.71069
2018-03-29,6,0,89883.86590178,181043076.000076,5,5,2014.1888,402.83776,10,2014.1888
2018-03-30,3,0,1002619.9036389,181043076.000076,2,2,180.57,90.285,90.285,180.57
2018-03-31,9,0,15864.23258702,181043076.000076,8,8,11412.0286,1426.503575,95.5,11412.0286
2018-04-01,7,0,61866.87222999,181043076.000076,4,4,2926.3331,731.583275,166.04155,2926.3331
2018-04-02,12,0,18668.57267659,181043076.000076,12,12,9697.746,808.1455,156.25,9697.746
2018-04-03,5,0,234996.23835887,181043076.000076,4,4,770.4084,192.6021,140.8888,770.4084
2018-04-04,11,0,142414.61993711,181043076.000076,8,8,1271.2394,158.904925,139.29775,1271.2394
2018-04-05,7,0,89413.57416643,181043076.000076,9,9,2024.7829000000002,224.97587778,200,2024.7829
2018-04-06,25,0,20134.18006369,181043076.000076,35,35,8991.8276,256.90936,100,8991.8276
2018-04-07,3999,0,44.49033308,181043076.000076,4023,4023,4069267.714116005,1011.50079894,14.999999,4069267.714116
2018-04-08,7978,0,493.69714133,180730576.000076,8009,8008,366075.8000599997,45.82483642,4.999999,366965.29006
2018-04-09,1373,0,14130.6436925,180730576.000076,1369,1369,12789.97474799994,9.34256738,4.999999,12789.974748
2018-04-10,13,0,8715.87906856,180730576.000076,20,20,20735.782883,1045.06414415,29.5,20901.282883
2018-04-11,4,0,278760.28034202,180730576.000076,3,3,648.3369,216.1123,100.399,648.3369
2018-04-12,8,0,34618.18815384,180730576.000076,7,7,5220.682699999999,745.81181429,299.5,5220.6827
2018-04-13,11,0,22201.25101496,180730576.000076,11,11,8140.5582,740.05074545,15.1,8140.5582
2018-04-14,13,0,156673.40722248,180730576.000076,11,11,1153.54979,121.41361727,54.6978,1335.54979
2018-04-15,13,0,86639.65711652,180730576.000076,7,7,2086.0029,298.00041429,123,2086.0029
2018-04-16,29,0,7161.77325892,180730576.000076,25,25,25235.4507,1009.418028,150,25235.4507
2018-04-17,21,0,32330.54740776,180730576.000076,18,18,5590.0871,310.56039444,230,5590.0871
2018-04-18,4,0,1105385.78593319,180730576.000076,3,3,163.5,54.5,28,163.5
2018-04-19,12,0,92878.83493798,180730576.000076,7,7,1945.87471,277.98210143,99,1945.87471
2018-04-20,9,0,10664.87355078,180730576.000076,7,7,16946.340258,2420.90575114,365.853658,16946.340258
2018-04-21,7,0,2115703.3787004,180730576.000076,5,5,85.4234,17.08468,14.0795,85.4234
2018-04-22,24,0,24113.7470362,180730576.000076,24,24,7494.9187999999995,312.28828333,20.4916,7494.9188
2018-04-23,26,0,8496.35329997,180730576.000076,21,21,21271.5467,1012.93079524,184.5,21271.5467
2018-04-24,17,0,12951.61331957,180730576.000076,15,15,13954.2906,930.28604,41.3808,13954.2906
2018-04-25,24,0,56678.97578019,180730576.000076,22,22,3188.670464,144.93956655,50.75,3188.670464
2018-04-26,7,0,486052.69081622,180730576.000076,5,5,371.8333,74.36666,80.1243,371.8333
2018-04-27,9,0,10704.64929276,180730576.000076,8,8,16883.371987,2110.42149838,59.4934,16883.371987
2018-04-28,19,0,55631.99458983,180730576.000076,13,13,3248.6805,249.8985,49.5,3248.6805
2018-04-29,16,0,67715.86240429,180730576.000076,13,13,2668.9548,205.30421538,99,2668.9548
2018-04-30,23,0,23880.21732793,180730576.000076,20,20,7568.2132,378.41066,178.4745,7568.2132
2018-05-01,22,0,47644.83590233,180730576.000076,16,16,3793.2878259999998,237.08048912,35.24115,3793.287826
2018-05-02,10,0,162981.90828405,180730576.000076,7,7,1108.8996189999998,158.41423129,105.3988,1108.899619
2018-05-03,18,0,13053.82781348,180730576.000076,15,15,13845.025274,923.00168493,33.115,13845.025274
2018-05-04,17,0,3022.31708249,180730576.000076,12,12,59798.68129899999,4983.22344158,146.6,59798.681299
2018-05-05,13,0,50761.90104106,180730576.000076,12,12,3560.3587,296.69655833,31.14955,3560.3587
2018-05-06,8,0,267550.81569219,180730576.000076,6,6,675.5,112.58333333,64.25,675.5
2018-05-07,18,0,24197.91666417,180730576.000076,18,18,7468.848599999999,414.93603333,87.5,7468.8486
2018-05-08,13,0,43369.2665427,180730576.000076,9,9,4167.25,463.02777778,220.27,4167.25
2018-05-09,20,0,42197.79952942,180730576.000076,15,15,4282.938399999999,285.52922667,28,4282.9384
2018-05-10,32,0,16792.41216189,180730576.000076,26,26,10762.6334,413.94743846,9.5,10762.6334
2018-05-11,20,0,46765.66648718,180730576.000076,17,17,3864.5996000000005,227.32938824,94.5,3864.5996
2018-05-12,14,0,24438.0756039,180730576.000076,11,11,7395.450400000001,672.31367273,113,7395.4504
2018-05-13,9,0,361792.5539796,180730576.000076,8,8,499.542,62.44275,22.1203,499.542
2018-05-14,26,0,8130.8149123,180730576.000076,20,20,22227.855134999998,1111.39275675,154.25,22227.855135
2018-05-15,30,0,110552.11605491,180730576.000076,26,26,1634.7997890000001,62.87691496,6,1634.799789
2018-05-16,17,0,86074.30679452,180730576.000076,15,15,2099.704113,139.9802742,10.489,2099.704113
2018-05-17,13,0,72482.14521764,180730576.000076,11,11,2493.4496000000004,226.67723636,34.888,2493.4496
2018-05-18,6,0,420802.75675819,180730576.000076,5,5,429.49,85.898,10,429.49
2018-05-19,11,0,75964.11704114,180730576.000076,9,9,2379.1571999999996,264.3508,74.4379,2379.1572
2018-05-20,14,0,288228.60460047,180730576.000076,7,7,627.039,89.577,62.999,627.039
2018-05-21,28,0,23663.34736114,180730576.000076,27,27,7637.574399,282.87312589,50,7637.574399
2018-05-22,18,0,8509.79820354,180730576.000076,16,16,21237.9391,1327.37119375,30,21237.9391
2018-05-23,20,0,83769.63160533,180730576.000076,16,16,2157.4713,134.84195625,99.6,2157.4713
2018-05-24,15,0,2.79727734,180730576.000076,17,17,64609459.172732,3800556.42192541,242,64609459.172732
2018-05-25,3,0,2636312.76229319,180730576.000076,2,2,68.5543,34.27715,34.27715,68.5543
2018-05-26,10,0,21326.58084621,180730576.000076,6,6,8474.428100000001,1412.40468333,191.52965,8474.4281
2018-05-27,6,0,168390.89147294,180730576.000076,3,3,1073.28,357.76,363.78,1073.28
2018-05-28,17,0,10023.43939975,180730576.000076,14,14,18030.7945,1287.91389286,156.59,18030.7945
2018-05-29,11,0,145660.32203856,180730576.000076,7,7,1240.7673789999997,177.25248271,91.5285,1240.767379
2018-05-30,2,0,123872.91021253,180730576.000076,1,1,1459,1459,1459,1459
2018-05-31,18,0,72.74075484,180730576.000076,16,16,2484584.8298870004,155286.55186794,184.500849,2484584.829887
2018-06-01,2,0,99139.09818984,180730576.000076,3,3,1823,607.66666667,800,1823
2018-06-02,16,0,230186.75654473,180730576.000076,10,10,785.147585,78.5147585,83.09515,785.147585
2018-06-03,6,0,1064088.73010441,180730576.000076,4,4,169.84539999999998,42.46135,27.5,169.8454
2018-06-04,27,0,3470.03072791,180730576.000076,23,23,52083.278268,2264.49035948,6.41,52083.278268
2018-06-05,24,0,3146.85750329,180730576.000076,19,18,57432.08131,3190.67118389,261.9999995,57432.08131
2018-06-06,15,0,5193.96954383,180730576.000076,11,11,34796.2333,3163.29393636,584.5337,34796.2333
2018-06-07,10,0,12038.45287943,180730576.000076,8,8,15012.7743,1876.5967875,32.12725,15012.7743
2018-06-08,4,0,44822.93990726,180730576.000076,4,4,4032.1,1008.025,1000,4032.1
2018-06-09,12,0,78099.7935265,180730576.000076,8,8,2314.098,289.26225,25.523,2314.098
2018-06-10,8,0,6290.18900425,180730576.000076,10,10,28732.137600000002,2873.21376,950.8249,28732.1376
2018-06-11,11,0,29581.16926349,180730576.000076,14,14,6109.6495,436.40353571,125.23875,6109.6495
2018-06-12,11,0,19220.54182188,180730576.000076,10,10,9402.9907,940.29907,310.58435,9402.9907
2018-06-13,21,0,83717.13454022,180730576.000076,18,18,2158.8242,119.93467778,12.275,2158.8242
2018-06-14,6,0,114571.45963611,180730576.000076,4,4,1577.44849,394.3621225,323.82035,1577.44849
2018-06-15,7,0,189479.26968369,180730576.000076,5,5,953.8277,190.76554,55,953.8277
2018-06-16,5,0,1081434.82877354,180730576.000076,3,3,167.121098,55.70703267,27.074198,167.121098
2018-06-17,7,0,19461.99561309,180730576.000076,7,7,9286.333200000001,1326.61902857,144,9286.3332
2018-06-18,14,0,36943.46527211,180730576.000076,14,14,4892.085099999999,349.43465,120.2478,4892.0851
2018-06-19,15,0,23591.45243142,180730576.000076,22,22,7660.8499,348.22045,190.42585,7660.8499
2018-06-20,17,0,27184.34135428,180730576.000076,34,34,6648.333819999998,195.53923,137.8906,6648.33382
2018-06-21,12,0,40808.7487779,180730576.000076,42,42,4428.721326,105.44574586,78.0322,4428.721326
2018-06-22,4,0,1789836.95135553,180730576.000076,2,2,100.976,50.488,50.488,100.976
2018-06-23,4,0,185310.31663435,180730576.000076,4,4,975.2861,243.821525,200.5766,975.2861
2018-06-24,12,0,149273.1174782,180730576.000076,9,9,1210.7376,134.5264,49.7789,1210.7376
2018-06-25,18,0,25716.70465872,180730576.000076,23,23,7027.750188000001,305.554356,136.1851,7027.750188
2018-06-26,16,0,42429.05744522,180730576.000076,25,25,4259.594412,174.29577648,184.8,4357.394412
2018-06-27,18,0,20078.48260222,180730576.000076,61,61,9001.206893,147.56076874,121.97,9001.206893
2018-06-28,67,0,3718.67572723,180730576.000076,81,81,48600.789436,600.00974612,4.999999,48600.789436
2018-06-29,19,0,3921.48311881,180730576.000076,20,20,46087.301799999994,2304.36509,23.5979,46087.3018
2018-06-30,5,0,565113.15025109,180730576.000076,6,6,319.81307799999996,53.30217967,45.8380085,319.813078
2018-07-01,4,0,723425.51879118,180730576.000076,3,3,249.8261,83.27536667,34.4737,249.8261
2018-07-02,18,0,8112.23725296,180730576.000076,17,17,22278.758665999994,1310.51521565,105.5471,22278.758666
2018-07-03,24,0,9498.22293194,180730576.000076,20,20,19027.8305,951.391525,120,19027.8305
2018-07-04,21,0,1599.61442273,180730576.000076,32,32,112983.8375,3864.63290625,21.8585,123668.253
2018-07-05,16,0,3979.01656773,180730576.000076,21,21,45420.915677,2162.90074652,39.37,45420.915677
2018-07-06,10,0,23309.06642799,180730576.000076,8,8,7753.66,969.2075,167,7753.66
2018-07-07,6,0,3029.86000418,180730576.000076,6,6,59649.8108,9941.63513333,12237.28,59649.8108
2018-07-08,14,0,9206.62445516,180730576.000076,10,10,19630.4929,1963.04929,292.2378,19630.4929
2018-07-09,8,0,12815.66921421,180730576.000076,6,6,14102.3128,2350.38546667,97.86475,14102.3128
2018-07-10,39,0,1672.38487265,180730576.000076,33,33,108067.574011,3274.77497003,170,108067.574011
2018-07-11,14,0,3981.21527944,180730576.000076,9,9,45395.831000000006,5043.98122222,56,45395.831
2018-07-12,15,0,1797.59276112,180730576.000076,11,11,100540.333667,9140.03033336,104.2448,100540.333667
2018-07-13,9,0,10513.12990807,180730576.000076,5,5,17190.9391,3438.18782,102.4391,17190.9391
2018-07-14,10,0,83333.18044339,180730576.000076,8,8,2168.770891,271.09636138,118.82235,2168.770891
2018-07-15,5,0,79114.03766508,180730576.000076,3,3,2284.4312,761.47706667,104.4312,2284.4312
2018-07-16,16,0,448.94237793,180334365.000076,13,12,401687.107,33473.92558333,205.228,401687.107
2018-07-17,11,0,70156.39436694,180334365.000076,7,7,2570.4622739999995,367.20889629,32.5117,2570.462274
2018-07-18,10,0,116890.91885068,180334365.000076,6,6,1542.757699,257.12628317,106.7189,1542.757699
2018-07-19,11,0,68751.97435307,180334365.000076,9,9,2622.969983,291.44110922,49.999,2622.969983
2018-07-20,4,0,189017.92403753,180334365.000076,2,2,954.0596,477.0298,477.0298,954.0596
2018-07-21,7,0,220403.90516014,180334365.000076,6,6,818.1995,136.36658333,15.25,818.1995
2018-07-22,2,0,4508359.1250019,180334365.000076,1,1,40,40,40,40
2018-07-23,14,0,21923.9989836,180334365.000076,14,14,8225.4321,587.53086429,194.09,8225.4321
2018-07-24,17,0,84832.20172343,180334365.000076,14,14,2125.777256,151.84123257,11.25,2125.777256
2018-07-25,5,0,941490.27312151,180334365.000076,3,3,191.5414,63.84713333,20.96,191.5414
2018-07-26,8,0,89335.24800301,180334365.000076,8,8,2018.625,252.328125,78.995,2018.625
2018-07-27,7,0,358877.50061906,180334365.000076,8,8,502.4956,62.81195,8.47175,502.4956
2018-07-28,8,0,769016.48187666,180334365.000076,6,6,234.5,39.08333333,35,234.5
2018-07-29,11,0,1075484.03109519,180334365.000076,9,9,167.677399,18.63082211,5,167.677399
2018-07-30,3,0,3028386.59568879,180334365.000076,2,2,59.548,29.774,29.774,59.548
2018-07-31,15,0,103229.3613536,180334365.000076,11,11,1746.9289999999999,158.81172727,34,1746.929
2018-08-01,12,0,41732.66677159,180334365.000076,11,11,4321.179999999999,392.83454545,50,4321.18
2018-08-02,13,0,59150.51980835,180334365.000076,15,15,3048.736775,203.24911833,5.26,3048.736775
2018-08-03,14,0,17290.89659955,180334365.000076,13,13,10429.43979,802.26459923,16,10429.43979
2018-08-04,2,0,4161.5942815,180334365.000076,1,1,43333,43333,43333,43333
2018-08-05,6,0,78319.0561117,180334365.000076,4,4,2302.5605,575.640125,146.28025,2302.5605
2018-08-06,17,0,33084.65526564,180334365.000076,12,12,5450.694998999999,454.22458325,122.5,5450.694999
2018-08-07,2,0,2590873.25817559,180334365.000076,1,1,69.6037,69.6037,69.6037,69.6037
2018-08-08,5,0,599471.19961837,180334365.000076,4,4,300.8224,75.2056,57.90375,300.8224
2018-08-09,221,0,3451.94614447,180334365.000076,217,217,52241.36109099996,240.7435995,4.999999,52241.361091
2018-08-10,1733,0,7282.90507594,180334365.000076,1730,1729,24761.32300499997,14.32118161,4.999999,24761.323005
2018-08-11,8,0,442985.62688069,180334365.000076,5,5,407.088524,81.4177048,14.960524,407.088524
2018-08-12,12,0,56904.24991221,180334365.000076,10,10,3169.0843,316.90843,100.5671,3169.0843
2018-08-13,10,0,25790.47508859,180334365.000076,7,7,6992.2855,998.89792857,17.5301,6992.2855
2018-08-14,25,0,1303.07375273,180334365.000076,24,24,138391.52589999998,5766.31357917,156.59,138391.5259
2018-08-15,8,0,1412.40057248,180334365.000076,8,8,127679.3344,15959.9168,115.03495,127679.3344
2018-08-16,3,0,1467487.19346776,180334365.000076,2,2,122.8865,61.44325,61.44325,122.8865
2018-08-17,5,0,196069.53325216,180334365.000076,6,6,919.7470000000001,153.29116667,25,919.747
2018-08-18,11,0,275148.5311808,180334365.000076,8,8,655.407333,81.92591662,29.1229,655.407333
2018-08-19,11,0,129640.3853269,180334365.000076,7,7,1391.035398,198.71934257,50,1391.035398
2018-08-20,17,0,25031.57656327,180334365.000076,13,13,7204.27515,554.17501154,125,7204.27515
2018-08-21,458,0,1144.19490029,180334365.000076,454,454,157608.0831630006,347.1543682,4.999999,157608.083163
2018-08-22,2162,0,2944.8245057,180334365.000076,2160,2160,61237.72898899998,46.86908749,4.999999,101237.228989
2018-08-23,5094,0,2327.98965041,180334365.000076,5091,5091,77463.55958599984,15.21578464,4.999999,77463.559586
2018-08-24,8565,0,3671.76000478,180334365.000076,8563,8563,49113.87584299949,5.73559218,4.999999,49113.875843
2018-08-25,180,0,4413.68854779,180334365.000076,178,178,40857.97242999998,229.53917096,0.999999,40857.97243
2018-08-26,66,0,24421.01421423,180334365.000076,64,64,7384.392941999999,115.38113972,0.009999,7384.392942
2018-08-27,74,0,2436.86245274,180334365.000076,70,70,74002.68521400001,1057.18121734,0.009999,74002.685214
2018-08-28,43,0,5807.2408333,180334365.000076,38,38,31053.364270000002,817.19379658,0.009999,31053.36427
2018-08-29,40,0,76171.26582671,180334365.000076,37,37,2367.485469,63.98609376,0.009999,2367.485469
2018-08-30,34,0,202008.74253372,180334365.000076,28,28,892.705745,31.88234804,0.019999,892.705745
2018-08-31,33,0,3393.6678281,180334365.000076,30,30,53138.484417,3437.94948057,0.009999,103138.484417
2018-09-01,30,0,210713.06157558,180334365.000076,27,27,855.8290769999999,31.69737322,0.009999,855.829077
2018-09-02,25,0,60672.05689817,180334365.000076,23,23,2972.280391,129.22958222,0.009999,2972.280391
2018-09-03,34,0,54913.79538649,180334365.000076,30,30,3283.953763000001,109.46512543,0.009999,3283.953763
2018-09-04,29,0,68911.43924503,180334365.000076,24,24,2616.9002849999997,109.03751188,0.0599995,2616.900285
2018-09-05,27,0,3450.19590325,180334365.000076,23,23,52267.86248000002,2272.51576,0.009999,52267.86248
2018-09-06,14,0,7401.60133358,180334365.000076,11,11,24364.23645,2214.93058636,109.844398,24364.23645
2018-09-07,390,0,90166.55512115,180334365.000076,387,387,2000.013915999993,5.16799461,4.999999,2000.013916
2018-09-08,145,0,12633.73867514,180334365.000076,143,143,14274.030011,99.81839169,0.099999,14274.030011
2018-09-09,3044,0,2807.50324441,180334365.000076,3047,3047,64233.003242,21.08073621,0.999999,64233.003242
2018-09-10,31,0,32005.71695413,180334365.000076,30,30,5634.4422859999995,187.81474287,0.059999,5634.442286
2018-09-11,17,0,706979.54809805,180334365.000076,17,17,255.077202,15.02807071,6.145,255.477202
2018-09-12,9,0,932.40226327,180334365.000076,14,14,193408.3304,13814.88074286,1,193408.3304
2018-09-13,13,0,14827.09256082,180334365.000076,13,13,12162.49,935.57615385,10,12162.49
2018-09-14,12,0,3460.17619432,180334365.000076,10,10,52117.1047,5211.71047,2925.29185,52117.1047
2018-09-15,6,0,4183723.22588262,180334365.000076,4,4,43.103798999999995,10.77594975,9,43.103799
2018-09-16,10,0,593205.14802657,180334365.000076,8,8,304,38,17,304
2018-09-17,15,0,46425.07035226,180334365.000076,14,14,3884.4177,277.45840714,67,3884.4177
2018-09-18,8,0,12510.54730229,180334365.000076,8,8,14414.5864,1801.8233,155,14414.5864
2018-09-19,12,0,2598024.91208415,180334365.000076,7,7,69.4121,9.91601429,11,69.4121
2018-09-20,8,0,2170088.62815976,180334365.000076,11,11,83.1,7.60909091,0.1,83.7
2018-09-21,8,0,21757.9722886,180334365.000076,6,6,8288.197199999999,1381.3662,1582.4487,8288.1972
2018-09-22,8,0,94345.60795809,180334365.000076,6,6,1911.423,318.5705,300,1911.423
2018-09-23,8,0,55893.03788837,180334365.000076,8,8,3226.4191,792.0523875,44,6336.4191
2018-09-24,2,0,1245133.9247806,180334365.000076,1,1,144.8313,144.8313,144.8313,144.8313
2018-09-25,21,0,2124.84567258,180334365.000076,16,16,84869.3942,5304.3371375,156.59,84869.3942
2018-09-26,8,0,1665.37771632,180334365.000076,6,6,108284.36290000001,18047.39381667,13440,108284.3629
2018-09-27,26,0,8342.84280469,180334365.000076,26,26,21615.457611,885.40221581,348.5,23020.457611
2018-09-28,8,0,8429.20675386,180334365.000076,9,9,21393.99,4730.99888889,149,42578.99
2018-09-29,13,0,178001.4776342,180334365.000076,13,13,1013.106,77.93123077,86,1013.106
2018-09-30,131,0,52190.33629584,180334365.000076,130,130,3455.3210000000017,26.57939231,6.5,3455.321
2018-10-01,26,0,10384.34616796,180334365.000076,22,22,17365.98165,790.72643864,34.09,17395.98165
2018-10-02,4,0,3097.33561249,180334365.000076,4,4,58222.416800000006,14555.6042,3032.99345,58222.4168
2018-10-03,13,0,41900.65998972,180334365.000076,10,10,4303.855,430.3855,134.2584,4303.855
2018-10-04,12,0,42034.4716281,180334365.000076,12,12,4290.154200000001,357.51285,29.86835,4290.1542
2018-10-05,15,0,5265.88403074,180334365.000076,17,17,34245.7912,2014.45830588,757,34245.7912
2018-10-06,40,0,272.61305495,180334365.000076,79,79,661503.0415,8997.53217089,10583.2587,710805.0415
2018-10-07,17,0,411.33393575,180334365.000076,30,30,438413.5354,14613.78451333,16000,438413.5354
2018-10-08,23,0,1534.14269453,180334365.000076,21,21,117547.321799,5626.82484757,1470.960999,118163.321799
2018-10-09,99,0,582.10759626,180334365.000076,96,96,309795.58788999997,3227.03737385,947.15,309795.58789
2018-10-10,4,0,1992644.91712791,180334365.000076,3,3,90.5,30.16666667,10,90.5
2018-10-11,8,0,399524.30663192,180334365.000076,8,8,451.3727,102.4215875,61.75,819.3727
2018-10-12,71,0,1758.13475148,180334365.000076,71,71,102571.41260000001,1444.6677831,332.13,102571.4126
2018-10-13,19,0,541.01378392,180334365.000076,28,28,333326.7476,11904.5267,14000,333326.7476
2018-10-14,63,0,167.72844436,180334365.000076,93,93,1075156.725437,11560.8250047,14000,1075156.725437
2018-10-15,40,0,363.09282762,180334365.000076,51,51,496661.876199,10935.60541567,9009.66,557715.876199
2018-10-16,176,0,297.52056277,180334365.000076,191,191,606124.0383629999,3173.42428462,4.999999,606124.038363
2018-10-17,25,0,1104.54834572,180334365.000076,24,24,163265.25289599993,9052.76053733,2153.66,217266.252896
2018-10-18,17,0,2685.02466469,180334365.000076,16,16,67163.01990500001,4197.68874406,17,67163.019905
2018-10-19,29,0,2769.38513912,180334365.000076,27,27,65117.112984000014,2411.74492533,14.7442,65117.112984
2018-10-20,13,0,5838.52998456,180334365.000076,10,10,30886.946796,3088.6946796,58.4301995,30886.946796
2018-10-21,12,0,42156.65278171,180334365.000076,8,8,4277.720196,534.7150245,47.1,4277.720196
2018-10-22,9,0,3436.20953486,180334365.000076,7,7,52480.607824,7497.22968914,29,52480.607824
2018-10-23,14,0,36656.76020545,180334365.000076,11,11,4919.539097,447.230827,80.0321,4919.539097
2018-10-24,20,0,2873.20565531,180334365.000076,18,18,62764.168888,3486.89827156,311.249999,62764.168888
2018-10-25,20,0,25952.49484975,180334365.000076,17,17,6948.633109999999,408.74312412,115.4797,6948.63311
2018-10-26,23,0,3428.52095387,180334365.000076,22,22,52598.29746599999,2390.831703,37.199999,52598.297466
2018-10-27,10,0,29409.72569494,180334365.000076,6,6,6131.793505000001,1021.96558417,219.3899995,6131.793505
2018-10-28,7,0,13321.30913445,180334365.000076,5,5,13537.285501,2707.4571002,45,13537.285501
2018-10-29,45,0,4495.03278301,180334365.000076,50,50,40118.58727299999,802.37174546,50,40118.587273
2018-10-30,28,0,384.606183,180334365.000076,45,45,468880.56659,10419.56814644,120,468880.56659
2018-10-31,34,0,148.82390109,180334365.000076,59,59,1211729.861086,21046.28578112,27999.5,1241730.861086
2018-11-01,37,0,342.6127446,180138154,60,59,525777.7383920001,8911.48709139,11000.5,525777.738392
2018-11-02,40,0,297.7629273,180138154,49,49,604971.7324900001,12346.36188755,11001,604971.73249
2018-11-03,35,0,203.77528143,180138154,69,69,884003.9514779999,12811.6514707,11001,884003.951478
2018-11-04,19,0,722.05821949,180138154,17,17,249478.711185,14675.218305,14999.999999,249478.711185
2018-11-05,23,0,827.16923826,180138154,25,25,217776.660046,8711.06640184,1000,217776.660046
2018-11-06,16,0,1579.02541684,180138154,18,18,114081.85839100002,6337.88102172,595.4999995,114081.858391
2018-11-07,20,0,4853.26562584,180138154,19,19,37116.895692,1953.52082589,51.904799,37116.895692
2018-11-08,23,0,6489.88435569,180138154,26,26,27756.758691999996,1067.567642,142.4499995,27756.758692
2018-11-09,22,0,695.69629426,180138154,21,21,258932.174119,12330.10352948,199.369999,258932.174119
2018-11-10,35,0,585.18835281,180138154,39,39,307829.356367,7893.06041967,966.179999,307829.356367
2018-11-11,50,0,765.4896859,180138154,54,54,235324.07727700003,4357.85328291,84.8999995,235324.077277
2018-11-12,45,0,905.1059499,180138154,59,59,199024.383853,3373.29464158,125,199024.383853
2018-11-13,22,0,5742.06793162,180138154,22,22,31371.651492999998,1425.98415877,100.8192995,31371.651493
2018-11-14,9,0,53577.92757164,180138154,8,8,3362.1709940000005,420.27137425,92.8205,3362.170994
2018-11-15,17,0,8435.63553569,180138154,14,14,21354.425904,1525.316136,77.894999,21354.425904
2018-11-16,20,0,35379.86242028,180138154,17,17,5091.544785,299.50263441,27,5091.544785
2018-11-17,38,0,17435.02056926,180138154,37,37,10331.972554000002,279.24250146,8.999999,10331.972554
2018-11-18,38,0,11601.35440172,180138154,37,37,15527.338254,419.65779065,23.999999,15527.338254
2018-11-19,34,0,3258.5204408,180138154,38,38,55282.19241599998,1454.79453726,33.6730995,55282.192416
2018-11-20,50,0,733.8259196,180138154,57,57,245478.04757,4306.63241351,5,245478.04757
2018-11-21,41,0,21540.09316844,180138154,40,40,8362.923623,209.07309058,33.591527,8362.923623
2018-11-22,37,0,9263.96983643,180138154,36,36,19445.028123,540.13967008,67.9743985,19445.028123
2018-11-23,30,0,49215.28228608,180138154,28,28,3660.2076760000004,130.72170271,9.049999,3660.207676
2018-11-24,29,0,5470.84111952,180138154,28,28,32926.957677000006,1175.96277418,108.1099995,32926.957677
2018-11-25,29,0,797.75616375,180138154,27,27,225806.03220200003,8363.18637785,34.879999,225806.032202
2018-11-26,29,0,1953.09883046,180138154,26,26,92231.97064600002,3547.38348638,48.675,92231.970646
2018-11-27,21,0,177.66066247,180138154,36,36,1013945.076493,28165.14101369,11.7943,1013945.076493
2018-11-28,13,0,13407.48870773,180138154,20,20,13435.637197,671.78185985,66.7665495,13435.637197
2018-11-29,18,0,178.20383453,180138154,37,37,1010854.53339,27320.39279432,9.999999,1010854.53339
2018-11-30,26,0,5668.82992779,180138154,30,30,31776.955085,1059.23183617,66.77285,31776.955085
2018-12-01,23,0,5419.01876824,180138154,19,19,33241.839843,1749.57051805,71.0157,33241.839843
2018-12-02,5,0,83833.73465798,180138154,3,3,2148.75497,716.25165667,80.7793,2148.75497
2018-12-03,9,0,20832.89707912,180138154,8,8,8646.812457999999,1080.85155725,195.234387,8646.812458
2018-12-04,10,0,5646.74990587,180138154,11,11,31901.2099,2900.10999091,188.18,31901.2099
2018-12-05,17,0,3818.18566577,180138154,19,19,47178.99279099999,2483.10488374,10.6701,47178.992791
2018-12-06,8,0,43543.60550204,180138154,6,6,4136.959995,689.4933325,3.209999,4136.959995
2018-12-07,38,0,2603.56223738,180138154,63,63,69189.109987,1098.23984106,100,69189.109987
2018-12-08,31,0,33253.33946479,180138154,29,29,5417.144770999999,186.79809555,0.019999,5417.144771
2018-12-09,47,0,5785.79630212,180138154,51,51,31134.548227,610.48133778,6.499999,31134.548227
2018-12-10,20,0,226398.31221508,180138154,20,20,795.6691559999999,39.7834578,4.999999,795.669156
2018-12-11,27,0,53348.36691148,180138154,29,29,3376.638582000001,116.43581317,10,3376.638582
2018-12-12,28,0,24804.50923115,180138154,50,50,7262.3147800000015,145.2462956,100,7262.31478
2018-12-13,39,0,2904.21312042,180138154,74,74,62026.49273,838.1958477,50,62026.49273
2018-12-14,21,0,1243.10760806,180138154,24,24,144909.54188700006,6037.89757862,39.9343995,144909.541887
2018-12-15,36,0,1740.68982908,180138154,37,37,103486.64707,2796.9364073,6.399999,103486.64707
2018-12-16,39,0,17919.88426241,180138154,36,36,10052.417268,279.233813,0.019999,10052.417268
2018-12-17,30,0,404.35086203,180138154,35,35,445499.61658200005,12728.56047377,47.2042,445499.616582
2018-12-18,29,0,3908.11734291,180138154,33,33,46093.332977,1396.76766597,6.499999,46093.332977
2018-12-19,21,0,297.92002093,180138154,30,30,604652.7300859999,20155.09100287,62.1335495,604652.730086
2018-12-20,31,0,9472.18444327,180138154,35,35,19017.593574,543.3598164,39.999999,19017.593574
2018-12-21,20,0,1441.06379371,180138154,22,22,125003.594418,5681.98156445,10.499999,125003.594418
2018-12-22,16,0,35455.18633068,180138154,20,20,5080.727889,254.03639445,77.09195,5080.727889
2018-12-23,22,0,2772.08705818,180138154,32,32,64982.863171,2030.71447409,91.479,64982.863171
2018-12-24,20,0,151127.64780676,180138154,18,18,1191.960284,66.22001578,0.019999,1191.960284
2018-12-25,41,0,3650.87178084,180138154,54,54,49341.134066999984,913.72470494,9.1800495,49341.134067
2018-12-26,29,0,3532.9711857,180138154,42,42,50987.72238199999,1213.99339005,50,50987.722382
2018-12-27,64,0,5178.09453893,180138154,96,96,34788.502343,362.38023274,30,34788.502343
2018-12-28,18,0,100769.82541592,180138154,17,17,1787.619987,105.15411688,9.999999,1787.619987
2018-12-29,36,0,6062.98462748,180138154,48,48,29711.134872999995,618.98197652,53.9279,29711.134873
2018-12-30,13,0,72241.17907115,180138154,16,16,2493.566084,155.84788025,8.4075495,2493.566084
2018-12-31,10,0,171246.38838151,180138154,8,8,1051.9238140000002,131.49047675,7.9736995,1051.923814
2019-01-01,20,0,3310.11374052,180138154,25,25,54420.53298499999,2176.8213194,39.7725,54420.532985
2019-01-02,38,0,8822.03365284,180138154,37,37,20419.118889,551.86807808,5.5,20419.118889
2019-01-03,202,0,535.27016055,180138154,217,217,336536.88786800014,1550.86123441,798.11,336536.887868
2019-01-04,160,0,476.01513274,180138154,171,171,378429.46917200007,2213.03783142,1515.15,378429.469172
2019-01-05,12,0,104497.41407843,180138154,10,10,1723.8527440000003,172.3852744,49.5003165,1723.852744
2019-01-06,28,0,84020.01466438,180138154,24,24,2143.9909850000004,89.33295771,15.9,2143.990985
2019-01-07,23,0,50123.86535699,180138154,25,25,3593.859985,143.7543994,38.999999,3593.859985
2019-01-08,18,0,288042.49692135,180138154,19,19,625.3874200000001,32.91860105,0.019999,625.45342
2019-01-09,21,0,1777.2246631,180138154,18,18,101359.24722399999,5631.06929022,27.6286185,101359.247224
2019-01-10,164,0,628.91625436,180138154,311,311,286426.2972239999,920.98487853,485.68,286426.297224
2019-01-11,17,0,145.35762293,180138154,17,17,1239275.590588,72898.56415224,208,1239275.590588
2019-01-12,13,0,581691.293648,180138154,11,11,309.67999,28.15272636,0.019999,309.67999
2019-01-13,5,0,658893.3764659,180138154,3,3,273.394999,91.13166633,21.375,273.394999
2019-01-14,9,0,452.33298135,180138154,7,7,398242.36,56891.76571429,274,398242.36
2019-01-15,11,0,452.48772592,180138154,10,10,398106.166599,39810.6166599,68.50805,398106.166599
2019-01-16,6,0,880.08344024,180138154,5,5,204683.03999699999,40936.6079994,0.999999,204683.039997
2019-01-17,156,0,462.8676876,180138154,153,153,389178.50354799995,2543.65034999,613.317757,389178.503548
2019-01-18,14,0,823.01531236,179939916,13,12,218634.95526400002,18219.57960533,342.679127,218634.955264
2019-01-19,147,0,1078.83191903,179939916,146,146,166791.42767899996,1142.4070389,614.7180685,166791.427679
2019-01-20,4,0,83710.70360056,179939916,5,5,2149.5449,429.90898,500,2149.5449
2019-01-21,12,0,125106.56111362,179939916,9,9,1438.2931989999997,159.81035544,101.2,1438.293199
2019-01-22,9,0,5415.8770691,179939916,8,8,33224.52,4153.065,2700,33224.52
2019-01-23,11,0,8729.88814487,179939916,7,7,20611.938321999998,2944.56261743,32.511599,20611.938322
2019-01-24,152,0,34.6779957,179939916,151,151,5188878.779138001,34363.43562343,681.228373,5188878.779138
2019-01-25,3,0,433719.29765064,179939916,2,2,414.87643499999996,207.4382175,207.4382175,414.876435
2019-01-26,165,0,842.22748346,179939916,164,164,213647.6421569999,1302.72952535,612.086505,213647.642157
2019-01-27,8,0,119861.30525754,179939916,7,7,1501.234411,214.46205871,29.151,1501.234411
2019-01-28,11,0,11148.88709415,179939916,14,14,16139.719999,1152.83714279,188.18,16139.719999
2019-01-29,5,0,592414.29048665,179939916,3,3,303.739999,101.24666633,149.999999,303.739999
2019-01-30,11,0,2994.72557098,179939916,10,10,60085.611097,6008.5611097,50,60085.611097
2019-01-31,2,0,4256474.74594554,179939916,1,1,42.2744,42.2744,42.2744,42.2744
2019-02-01,6,0,10464.95964178,179939916,7,7,17194.516,2456.35942857,9.4864,17194.516
2019-02-02,9,0,7485.81812498,179939916,6,6,24037.441599,4006.2402665,42.5451,24037.441599
2019-02-03,9,0,2861.73919991,179939916,11,11,62877.817799000004,5716.16525445,2032.52,62877.817799
2019-02-04,2,0,1499499.3,179939916,1,1,120,120,120,120
2019-02-05,2,0,106566.26904176,179939916,1,1,1688.526,1688.526,1688.526,1688.526
2019-02-06,9,0,56119.41633534,179939916,11,11,3206.3754,291.48867273,38.18,3206.3754
2019-02-07,4,0,34432.50248239,179939916,3,3,5225.873899,1741.95796633,12.93,5225.873899
2019-02-08,2,0,34603.7375082,179939916,1,1,5200.013899,5200.013899,5200.013899,5200.013899
2019-02-09,6,0,18908.730759,179939916,6,6,9516.2345,1586.03908333,75,9516.2345
2019-02-10,13,0,18876.84484232,179939916,12,12,9532.308895,794.35907458,50,9532.308895
2019-02-11,15,0,40300.91646311,179939916,17,17,4464.908786,262.64169329,50,4464.908786
2019-02-12,8,0,51637.43023439,179939916,6,6,3484.6799149999997,580.77998583,137.46445,3484.679915
2019-02-13,20,0,1176.75702991,179939916,33,33,152911.69836,4633.68782909,235.4594,152911.69836
2019-02-14,7,0,1455.69836845,179939916,7,7,123610.714898,17658.67355686,10000,123610.714898
2019-02-15,7,0,599.16238819,179939916,10,10,300319.11138899997,30031.9111389,101.60845,300319.111389
2019-02-16,6,0,739942.54705722,179939916,5,5,243.180929,48.6361858,38.453189,243.180929
2019-02-17,12,0,36850.10242333,179939916,16,16,4883.023497,305.18896856,100,4883.023497
2019-02-18,11,0,2.8947686,179939916,12,12,62160379.850898996,5180031.65424158,300,62160379.850899
2019-02-19,8,0,6415.67964119,179939916,8,8,28046.898546,3505.86231825,1.9999995,28046.898546
2019-02-20,10,0,2136.4807163,179939916,9,9,84222.579042,9358.064338,3549.106,84222.579042
2019-02-21,7,0,48175.5742225,179939916,4,4,3735.0860660000003,933.7715165,77.9999995,3735.086066
2019-02-22,6,0,47539.95819367,179939916,4,4,3785.0247,946.256175,105.0123505,3785.0247
2019-02-23,5,0,3371.05017048,179939916,3,3,53378,17792.66666667,25000,53378
2019-02-24,6,0,362710.88476038,179939916,5,5,496.09737,99.219474,34.3642,496.09737
2019-02-25,6,0,3583190.94354339,179939916,3,3,50.217786000000004,16.739262,18,50.217786
2019-02-26,13,0,27690.10596883,179939916,16,16,6498.346962,406.14668512,100.9999995,6498.346962
2019-02-27,14,0,42216.89081083,179939916,16,16,4262.273051,266.39206569,90,4262.273051
2019-02-28,6,0,3013.90234716,179939916,4,4,59703.299998999995,14925.82499975,14937.7999995,59703.299999
2019-03-01,16,0,6888.43203992,179939916,24,23,26122.042716999997,1135.7409877,1000,26122.042717
2019-03-02,5,0,1451128.36654136,179939916,3,3,123.999999,41.333333,12,123.999999
2019-03-03,13,0,107558.53864393,179939916,11,11,1672.948687,152.08624427,114.999999,1672.948687
2019-03-04,11,0,3279.1779483,179939916,12,12,54873.483183,4572.79026525,83.4999995,54873.483183
2019-03-05,17,0,2513.55559696,179939916,19,19,71587.80025300001,3767.77896068,95.199999,71587.800253
2019-03-06,8,0,5870.17690827,179939916,8,8,30653.235637,7541.90165438,215.3872645,60335.213235
2019-03-07,10,0,55142.39698814,179939916,8,8,3263.186329,407.89829112,110,3263.186329
2019-03-08,12,0,148290.62195247,179939916,10,10,1213.4274819999998,121.3427482,32.5,1213.427482
2019-03-09,8,0,73580.48933371,179939916,7,7,2445.48409,349.35487,298.76,2445.48409
2019-03-10,6,0,228148.83423575,179939916,5,5,788.695312,157.7390624,153.169346,788.695312
2019-03-11,17,0,2219.83348728,179939916,18,18,81060.096188,4536.01534378,100.4999995,81648.276188
2019-03-12,10,0,257103.92118341,179939916,12,12,699.872313,58.32269275,17.625464,699.872313
2019-03-13,11,0,8862.44290605,179939916,10,10,20303.647415,2030.3647415,850,20303.647415
2019-03-14,16,0,14341.01074436,179939916,16,16,12547.226915000001,784.20168219,158.8594995,12547.226915
2019-03-15,12,0,11831.057831,179939916,10,10,15209.114736,1524.9114736,99.5945,15249.114736
2019-03-16,11,0,1807.349377,179939916,9,9,99560.117313,11062.235257,2741.894585,99560.117313
2019-03-17,7,0,21316.23266213,179939916,5,5,8441.450178000001,1688.2900356,498.200066,8441.450178
2019-03-18,21,0,21038.41932458,179939916,25,25,8552.919933,342.11679732,144.41385,8552.919933
2019-03-19,22,0,6722.89356706,179939916,25,25,26765.248356999993,1084.15842416,239.212247,27103.960604
2019-03-20,20,0,2059.02886334,179939916,24,24,87390.67198300001,3641.27799929,258.4771625,87390.671983
2019-03-21,33,0,3997.89925018,179939916,36,36,45008.616961,1250.23936003,131.999517,45008.616961
2019-03-22,22,0,9447.48515092,179939916,26,26,19046.329592,732.55113815,58.2859685,19046.329592
2019-03-23,20,0,9617.10869492,179939916,20,20,18710.39641,935.5198205,238.5616695,18710.39641
2019-03-24,26,0,8729.26474255,179939916,30,30,20613.410328,687.1136776,242.5,20613.410328
2019-03-25,37,0,10142.68969629,179939916,45,45,17740.847979000002,406.15217731,137.467649,18276.847979
2019-03-26,28,0,4308.47252002,179939916,31,31,41764.201852,2314.97425329,141.327882,71764.201852
2019-03-27,35,0,4141.30693542,179939916,37,37,43450.03130800001,1174.32517049,100,43450.031308
2019-03-28,31,0,11367.02643926,179939916,37,37,15829.9901,427.83757027,34.4808,15829.9901
2019-03-29,46,0,2070.50126787,179939916,64,64,86906.450526,1357.91328947,95.374,86906.450526
2019-03-30,37,0,1962.33674333,179939916,58,58,91696.757252,1622.89675607,478.1449495,94128.011852
2019-03-31,33,0,886.2220216,179939916,45,45,203041.57605399998,4512.03502342,1500,203041.576054
2019-04-01,63,0,1014.31442484,179939916,76,76,177400.529454,2334.21749282,664.0004495,177400.529454
2019-04-02,180,0,370.2659605,179939916,266,266,485974.77271499997,1826.97282976,604.9999995,485974.772715
2019-04-03,771,0,30.76325378,179939916,1716,1715,5849183.487243998,3417.46409752,1901.999999,5860950.927244
2019-04-04,137,0,271.21273223,179939916,204,204,663464.1173299998,3292.3192026,1599.7,671633.11733
2019-04-05,87,0,477.28896323,179939916,119,119,377004.141856,3168.1020324,999.999999,377004.141856
2019-04-06,61,0,1184.85927932,179939916,68,68,151866.064722,2244.24581062,209.0204985,152608.715122
2019-04-07,73,0,14415.76897395,179939916,77,77,12482.158691999997,186.6410326,0.009999,14371.35951
2019-04-08,87,0,4363.51035576,179939916,119,119,41237.421555,480.54976097,99.3,57185.421555
2019-04-09,254,0,1130.66258234,179939916,470,470,159145.547762,346.66861226,91.3,162934.247762
2019-04-10,40,0,16238.65394064,179939916,49,49,11080.962538999998,226.14209263,98.7,11080.962539
2019-04-11,27,0,6760.42228424,179939916,30,30,26616.66807700001,887.22226923,42.61025,26616.668077
2019-04-12,37,0,8839.805691,179939916,59,59,20355.641548,417.07968725,246.808598,24607.701548
2019-04-13,31,0,4831.32175081,179939916,38,37,37244.44888599999,1021.48510503,55,37794.948886
2019-04-14,33,0,6117.3239574,179939916,45,45,29414.809032999998,653.66242296,10,29414.809033
2019-04-15,18,0,10327.87150126,179939916,19,19,17422.749303000004,943.30259489,500,17922.749303
2019-04-16,30,0,31187.59773173,179939916,37,35,5769.598464999999,170.44043066,39,5965.415073
2019-04-17,18,0,15281.56866078,179939916,16,16,11774.963683,1286.94304269,221.9999995,20591.088683
2019-04-18,33,0,2294.44397522,179939916,49,49,78424.19250300001,1691.61617353,261,82889.192503
2019-04-19,67,0,594.46431848,179939916,113,113,302692.54252099997,2729.23880054,755.5494,308403.984461
2019-04-20,43,0,734.99567657,179939916,89,89,244817.65231599996,2992.28813951,1098.199999,266313.644416
2019-04-21,30,0,3164.51196559,179939916,38,38,56861.821966999996,1504.25847282,629.2262495,57161.821967
2019-04-22,28,0,501.51880269,179939916,39,39,358789.9696600001,9275.38140154,639.454034,361739.87466
2019-04-23,40,0,681.32277691,179659415,61,60,263692.072375,4586.87251292,732.4999995,275212.350775
2019-04-24,46,0,4091.36344048,179659415,63,63,43911.868895,1055.43494484,153.5,66492.401525
2019-04-25,34,0,2540.04313741,179659415,72,72,70730.851911,1039.86787293,385.6,74870.486851
2019-04-26,24,0,1875.30949755,179659415,32,32,95802.54098600002,2994.46512925,348.3179995,95822.884136
2019-04-27,36,0,896.04608248,179659415,75,75,200502.42784699998,2767.68874729,732.1564,207576.656047
2019-04-28,23,0,4828.84206589,179659415,37,37,37205.485818,1005.6342113,333.92645,37208.465818
2019-04-29,140,0,936.17552146,179659415,278,278,191907.83232599997,735.09799409,501,204357.242356
2019-04-30,82,0,1375.71492683,179659414.998663,133,132,130593.49106000001,1094.89765197,807.4184645,144526.49006
2019-05-01,50,0,1998.36824169,179659414.998663,84,84,89903.05752999999,1075.33401821,1199.9899995,90328.05753
2019-05-02,24,0,3719.64350937,179659414.998663,32,32,48300.170311,1526.47276597,475.6499995,48847.128511
2019-05-03,15,0,6038.82681251,179659414.998663,16,16,29750.714927999998,1859.419683,180.7514995,29750.714928
2019-05-04,33,0,4232.51772661,179659414.998663,52,52,42447.409935,865.04627183,449.6804225,44982.406135
2019-05-05,26,0,15634.22262007,179659414.998663,31,31,11491.419776,386.59051148,100,11984.305856
2019-05-06,36,0,3182.82255471,179659414.998663,47,47,56446.569644,1265.71424774,599.999999,59488.569644
2019-05-07,38,0,3805.38823224,179659414.998663,63,63,47211.84910299999,824.41982703,502.93308,51938.449103
2019-05-08,38,0,2084.19495346,179659414.998663,59,59,86200.86844600001,1594.18539739,715.652198,94056.938446
2019-05-09,25,0,16600.32156893,179659414.998663,32,32,10822.646673,394.04411166,279.5,12609.411573
2019-05-10,20,0,10177.29083595,179659414.998663,22,22,17652.970510000003,1004.346655,899.9999995,22095.62641
2019-05-11,33,0,10630.45486576,179659414.998663,46,45,16900.444738000002,511.23454973,300,23005.554738
2019-05-12,48,0,2972.97962579,179659414.998663,86,86,60430.758906,949.42699309,52.49134,81650.721406
2019-05-13,63,0,678.59073679,179659414.998663,127,127,264753.709796,2154.50295094,139.5,273621.87477
2019-05-14,127,0,1210.14451516,179659414.998663,229,229,148461.124063,727.55098019,9.6,166609.174463
2019-05-15,44,0,1189.07852773,179659414.998663,72,72,151091.295326,2173.14014619,501.7591495,156466.090526
2019-05-16,55,0,1202.09972535,179659414.998663,81,81,149454.66770400002,1846.77035437,153.116874,149588.398704
2019-05-17,43,0,166.98084103,179659414.998663,95,95,1075928.315444,11638.48498678,1111,1105656.073744
2019-05-18,49,0,2098.96669409,179659414.998663,90,90,85594.21905300001,1015.65539948,284.302606,91408.985953
2019-05-19,65,0,1610.65506685,179659414.998663,142,142,111544.31429600001,804.94323166,299.4999995,114301.938896
2019-05-20,34,0,3724.37368731,179659414.998663,51,51,48238.826197999995,1383.95516075,500,70581.713198
2019-05-21,41,0,6930.73132085,179659414.998663,46,46,25922.143953,564.70965115,320.6554995,25976.643953
2019-05-22,18,0,17664.24362363,179659414.998663,31,31,10170.795807999999,421.59489381,139.998,13069.441708
2019-05-23,20,0,11128.82574865,179659414.998663,24,24,16143.609313,672.65038804,47,16143.609313
2019-05-24,1716,0,12040.04791299,179659414.998663,1717,1717,14921.818941000003,8.69063421,0.009999,14921.818941
2019-05-25,3038,0,35893.20149231,179659414.998663,3044,3044,5005.388416999999,1.64434573,0.009999,5005.388417
2019-05-26,32,0,5601.72723464,179659414.998663,91,91,32072.146227999994,352.44116734,5.4029,32072.146228
2019-05-27,69,0,2868.25104972,179659414.998663,102,102,62637.26985,615.13990049,213.1588395,62744.26985
2019-05-28,54,0,3094.97622687,179659414.998663,76,76,58048.722132,763.79897542,360,58048.722132
2019-05-29,33,0,9441.75913642,179659414.998663,43,43,19028.171806000002,442.5156234,178.7,19028.171806
2019-05-30,29,0,4455.61190483,179659414.998663,35,35,40322.052018,1152.05862909,784.549999,40322.052018
2019-05-31,29,0,9356.94350915,179659414.998663,33,33,19200.651882000002,581.83793582,595.8932,19200.651882
2019-06-01,60,0,27046.98715819,179659414.998663,70,70,6642.492709000001,94.89275299,0.5,6642.492709
2019-06-02,23,0,4742.39809537,179659414.998663,42,42,37883.663789,901.99199498,666.2494995,37883.663789
2019-06-03,32,0,2050.13978147,179659414.998663,60,60,87632.76368900001,1470.70439482,1104.254048,88242.263689
2019-06-04,42,0,908.51085903,179659414.998663,80,80,197751.53286500002,2471.89416081,584.9989995,197751.532865
2019-06-05,16,0,7147.7991312,179659414.998663,30,30,25134.927786999997,837.83092623,683.2495,25134.927787
2019-06-06,27,0,9651.21638833,179659414.998663,33,33,18615.2095,564.09725758,499.000087,18615.2095
2019-06-07,35,0,16267.17861135,179659414.998663,79,79,11044.288582000001,139.80112129,20.41,11044.288582
2019-06-08,35,0,3012.12325585,179659414.998663,75,75,59645.43935899999,797.05252479,1001.499999,59778.939359
2019-06-09,28,0,9122.2877761,179659414.998663,46,46,19694.556827,436.81971363,137,20093.706827
2019-06-10,23,0,6293.14046931,179659414.998663,37,37,28548.451424999996,771.57976824,886.998999,28548.451425
2019-06-11,60,0,6895.39826343,179659414.998663,107,107,26054.972915999995,243.50441978,34.5,26054.972916
2019-06-12,43,0,6106.61523399,179659414.998663,65,65,29420.457670000003,452.62242569,51.5,29420.45767
2019-06-13,37,0,1200.63168251,179659414.998663,92,92,149637.40972,1627.03513609,51.4999995,149687.23252
2019-06-14,75,0,539.16306321,179659414.998663,181,181,333219.07092200004,1840.98934211,747.819489,333219.070922
2019-06-15,71,0,1477.35405577,179659414.998663,157,157,121608.90904700001,797.49623597,774.555472,125206.909047
2019-06-16,53,0,1164.35270392,179659414.998663,99,99,154299.82203299995,1558.58406094,776.5,154299.822033
2019-06-17,64,0,2595.64999099,179659414.998663,94,94,69215.578226,736.33593857,50,69215.578226
2019-06-18,67,0,2846.32702991,179659414.998663,100,100,63119.737511,631.19737511,92.65,63119.737511
2019-06-19,96,0,1756.52842965,179659414.998663,153,153,102280.960539,668.50301006,96.599999,102280.960539
2019-06-20,85,0,2040.83040239,179659414.998663,139,139,88032.50617400001,633.40436096,35.999999,88043.206174
2019-06-21,48,0,7550.5394254,179659414.998663,68,68,23794.248977,372.44580701,52.5,25326.314877
2019-06-22,66,0,1492.43990369,179659414.998663,105,105,120379.66457100002,1146.47299591,756.0563,120379.664571
2019-06-23,52,0,4828.34043438,179659414.998663,72,72,37209.351213,516.79654462,49.4999995,37209.351213
2019-06-24,51,0,3999.13021272,179659414.998663,81,81,44924.62246599999,554.62496872,100,44924.622466
2019-06-25,55,0,2527.22060657,179659414.998663,76,76,71089.72383800002,935.39110313,84.202539,71089.723838
2019-06-26,59,0,1797.57189831,179659414.998663,99,99,99945.60727600001,1009.55158865,59.999999,99945.607276
2019-06-27,39,0,3094.38138849,179659414.998663,51,51,58059.880939999995,1138.42903804,102.7545,58059.88094
2019-06-28,40,0,2705.00022278,179659414.998663,43,43,66417.52317999999,1544.59356233,24,66417.52318
2019-06-29,43,0,4416.6956987,179659414.998663,47,47,40677.336012,865.4752343,100.5,40677.336012
2019-06-30,47,0,54440.79471985,179659414.998663,36,36,3300.0880300000003,91.66911194,1,3300.08803
2019-07-01,43,0,10646.25094524,179659414.998663,55,55,16875.369172,308.64762131,54,16975.619172
2019-07-02,39,0,8203.31895407,179659414.998663,40,40,21900.820388,547.5205097,79.090299,21900.820388
2019-07-03,27,0,2469.4417014,179659414.998663,35,35,72753.049767,2078.65856477,380.0467,72753.049767
2019-07-04,35,0,5103.98079568,179659414.998663,31,31,35199.861087,1135.4793899,50.499999,35199.861087
2019-07-05,34,0,10943.10165832,179659414.998663,43,43,16417.595359,381.80454323,91.999999,16417.595359
2019-07-06,29,0,2245.90240458,179659414.998663,71,71,79994.310809,1126.68043393,1192.8586,79994.310809
2019-07-07,22,0,8559.36217798,179659414.998663,29,29,20989.813407,723.78666921,300,20989.813407
2019-07-08,33,0,2115.94912865,179599711.998663,51,50,84879.03114800001,1697.58062296,52.0669995,84879.031148
2019-07-09,29,0,4862.25793989,179599711.998663,43,43,36937.51220499999,859.01191174,139,36937.512205
2019-07-10,32,0,137.22856669,179224346,62,59,1306027.9671950003,22136.06724059,452.9166,1306027.967195
2019-07-11,28,0,11596.59655813,179224346,47,47,15454.909127999998,328.82785379,41.999999,15454.909128
2019-07-12,21,0,19368.5418374,179224346,28,28,9253.373201999999,330.47761436,16.917054,9253.373202
2019-07-13,19,0,10782.12466536,179224346,21,21,16622.35891,791.54090048,100,16622.35891
2019-07-14,25,0,1930.98034108,179224346,44,44,92815.210071,2109.43659252,1390.5,92815.210071
2019-07-15,41,0,1556.78406122,179162051,65,64,115084.715641,1798.19868189,52.2,115084.715641
2019-07-16,29,0,2355.71382395,179162051,56,56,76054.25123300002,1358.11162916,304.1882,76054.251233
2019-07-17,37,0,5518.48692461,179162051,70,70,32465.792426,463.79703466,186.8547095,32465.792426
2019-07-18,39,0,5839.36275945,179162051,83,83,30681.781280000007,369.66001542,45.1,30681.78128
2019-07-19,22,0,19086.35906225,179162051,32,32,9386.916091,293.34112784,23.9332165,9386.916091
2019-07-20,19,0,20027.55143821,179162051,21,21,8945.779095999998,483.10852838,362.7,10145.279096
2019-07-21,24,0,5156.47396035,179162051,47,47,34745.070445000005,739.25681798,44.999999,34745.070445
2019-07-22,30,0,1795.64530431,179079790,45,44,99730.046669,2266.59196975,50.5140445,99730.046669
2019-07-23,35,0,4108.31612473,179079790,67,67,43589.583801,650.590803,792.1,43589.583801
2019-07-24,22,0,1218.38570129,179079790,71,71,146981.19799899997,2070.1577183,1384.417099,146981.197999
2019-07-25,19,0,1557.42416343,179079790,77,77,114984.59713500002,1493.3064563,1252.7467,114984.597135
2019-07-26,11,0,9952.68477494,179079790,11,11,17993.113823,1946.23762027,1510.706912,21408.613823
2019-07-27,19,0,5423.8078114,179079790,39,39,33017.355376,859.45632759,798.099999,33518.796776
2019-07-28,7,0,24937.30715266,179079790,11,11,7181.199994999999,652.83636318,794.1,7181.199995
2019-07-29,41,0,1099.26712859,178987774,72,71,162824.639566,2551.97835023,678.499999,181190.462866
2019-07-30,40,0,688.06474139,178987774,104,104,260132.16959699997,2922.17011536,1199,303905.691997
2019-07-31,24,0,2986.79838548,178987774,56,55,59926.299301,1292.18326002,499.5,71070.079301
2019-08-01,29,0,6642.48611379,178987774,48,48,26945.901117999994,707.55819412,431.0174,33962.793318
2019-08-02,34,0,1368.78486344,178987774,93,93,130763.99278000002,1459.03993978,916.37,135690.7144
2019-08-03,21,0,9662.99751744,178987774,29,29,18523.007346000002,639.13818434,98.999999,18535.007346
2019-08-04,25,0,3749.88010589,178987774,31,31,47731.59913,1590.86080403,100,49316.684925
2019-08-05,46,0,728.79745244,178896703,58,57,245468.342956,4348.6790904,99.999999,247874.708153
2019-08-06,32,0,13046.73560917,178896703,37,37,13711.989601,374.03494011,78.68879,13839.292784
2019-08-07,19,0,18488.30841871,178896703,22,22,9676.207198,443.23669082,23.3999025,9751.207198
2019-08-08,12,0,39966.96676691,178896703,12,12,4476.114087999999,497.96784067,84.096564,5975.614088
2019-08-09,24,0,36290.02682021,178896703,26,26,4929.6382140000005,251.50531592,121.8989995,6539.138214
2019-08-10,15,0,7528.62999885,178896703,16,16,23762.185554,1505.84913481,683.040097,24093.586157
2019-08-11,13,0,14825.32914749,178896703,18,18,12066.963317999996,670.386851,47.9999995,12066.963318
2019-08-12,19,0,914.71211371,178821170,19,18,195494.481072,10860.804504,150.1858755,195494.481072
2019-08-13,24,0,116.42990457,178821170,39,39,1535869.763479,39453.83188408,449.5,1538699.443479
2019-08-14,29,0,11154.01654124,178821170,49,49,16031.997921000004,423.24022431,499.5,20738.770991
2019-08-15,16,0,5932.52867678,178821170,35,35,30142.487250000002,1186.87106429,693.2,41540.48725
2019-08-16,29,0,5828.79313876,178821170,45,45,30678.935715,723.80968256,215,32571.435715
2019-08-17,19,0,10866.23075226,178821170,27,27,16456.596042999998,699.94800159,558.147149,18898.596043
2019-08-18,9,0,37829.89776799,178821170,14,14,4726.979996,337.64142829,124.95,4726.979996
2019-08-19,23,0,1837.52641858,178745681,34,33,97275.16251900002,3034.67077633,699.5,100144.135619
2019-08-20,24,0,22826.68266502,178745681,35,35,7830.558808,224.8211088,57,7868.738808
2019-08-21,16,0,32795.19797788,178745681,24,24,5450.361395000001,254.16089146,121.65,6099.861395
2019-08-22,27,0,548.22237237,178745681,58,58,326045.94414599997,5638.83333355,390.08985,327052.333346
2019-08-23,56,0,375.63158046,178745681,122,121,475853.70958299993,3933.59412639,338.703692,475964.889293
2019-08-24,22,0,3425.76199017,178745681,36,36,52176.91173899999,1449.44951161,20.284648,52180.182418
2019-08-25,9,0,181997.02490853,178745681,11,11,982.135181,89.96683464,12.5,989.635181
2019-08-26,18,0,1997.39817413,178165556,24,22,89198.81789600002,4055.50724377,61.9999995,89221.159363
2019-08-27,16,0,20337.43008505,178165556,24,24,8760.475401999998,371.60314175,103.25,8918.475402
2019-08-28,20,0,3235.29843455,178165556,39,39,55069.280193,1447.18667162,498.999999,56440.280193
2019-08-29,32,0,13269.49857878,178165556,53,53,13426.69845,421.63827264,50,22346.82845
2019-08-30,15,0,4339.23601885,178165556,17,17,41059.199183000004,4531.89409453,49.878027,77042.199607
2019-08-31,23,0,72341.52473543,178165556,31,31,2462.839381,81.74134984,22.52185,2533.981845
2019-09-01,14,0,44290.43125599,178165556,19,19,4022.6647370000005,211.71919668,99.499999,4022.664737
2019-09-02,15,0,2000.57669055,178086720,14,14,89017.692169,6447.35499779,789.2850725,90262.969969
2019-09-03,16,0,4200.68325944,178086720,44,44,42394.703195,1009.4518908,740.9999995,44415.883195
2019-09-04,13,0,4828.93103753,178086720,30,30,36879.118508,1572.75061693,1499.5,47182.518508
2019-09-05,12,0,235296.91434275,178086720,10,10,756.859564,75.7939762,20.689684,757.939762
2019-09-06,19,0,4632.16649022,178086720,23,23,38445.664761,3119.85122874,144.779578,71756.578261
2019-09-07,8,0,2584.16209888,178086720,8,8,68914.686148,8801.7732685,756.1148685,70414.186148
2019-09-08,24,0,17990.66459151,178086720,39,39,9898.840540000001,380.84854487,162.7905,14853.09325
2019-09-09,15,0,985.59662411,178019600,12,12,180621.154381,15135.09619842,612.1890565,181621.154381
2019-09-10,25,0,3004.47758719,178019600,36,36,59251.432182,1695.85922728,54.9989995,61050.932182
2019-09-11,22,0,12283.17236341,178019600,24,24,14492.966046000001,603.87358525,101.8450585,14492.966046
2019-09-12,45,0,1585.03230366,178019600,100,100,112312.916014,1149.39444414,304.17992,114939.444414
2019-09-13,148,0,1670.37177654,178019600,280,280,106574.83711100002,398.5297754,50.01,111588.337111
2019-09-14,337,0,2515.47893703,178019600,640,640,70769.66432899999,120.51078926,51.999999,77126.905129
2019-09-15,128,0,4838.28139362,178019600,244,244,36793.974041,168.63250345,51.999999,41146.330841
2019-09-16,86,0,442.16072614,177971055,188,188,402503.081978,2226.28501052,430.5699995,418541.581978
2019-09-17,34,0,5254.84149625,177971055,98,98,33868.015834,352.30321871,51.31,34525.715434
2019-09-18,31,0,3951.40743862,177971055,89,89,45039.914957999994,506.0664602,50.289999,45039.914958
2019-09-19,23,0,1244.42357723,177971055,126,126,143014.853026,1162.01470656,50.01,146413.853026
2019-09-20,25,0,6797.56653227,177971055,29,29,26181.583388,908.96209848,206.8,26359.900856
2019-09-21,21,0,12247.97976022,177971055,26,26,14530.645746,758.98282392,22.003013,19733.553422
2019-09-22,14,0,39471.8187412,177971055,42,42,4508.81314,107.35269381,0.5,4508.81314
2019-09-23,22,0,1195.9579503,177930841,29,29,148776.83697499998,5131.27020603,746.2785,148806.835975
2019-09-24,27,0,1376.35083859,177930841,68,68,129277.242409,2675.57253984,1349.5,181938.932709
2019-09-25,25,0,4801.30178805,177930841,30,30,37058.874625,1293.2191375,249.0875495,38796.574125
2019-09-26,28,0,2460.5201331,177930841,33,33,72314.320296,2191.34303927,25.287099,72314.320296
2019-09-27,16,0,22283.49006274,177930841,13,13,7984.873127999999,1097.74912523,93.8655,14270.738628
2019-09-28,15,0,15930.78931352,177930841,17,17,11168.990908,1221.21525929,15,20760.659408
2019-09-29,6,0,568597.96343763,177930841,6,6,312.929086,52.15484767,48.0573285,312.929086
2019-09-30,11,0,818.78540018,177801051,9,9,217152.200028,24128.02222533,1094,217152.200028
2019-10-01,17,0,15069.1150764,177801051,24,24,11799.037308999998,517.62238788,47.2,12422.937309
2019-10-02,25,0,16819.94023626,177801051,36,36,10570.849153,368.79580981,14.5582995,13276.649153
2019-10-03,22,0,2021.23275318,177801051,42,42,87966.638538,2107.407978,52.916574,88511.135076
2019-10-04,14,0,64214.02939373,177801051,18,18,2768.881702,195.46565011,24.131427,3518.381702
2019-10-05,3,0,144085.13058678,177801051,2,2,1233.9999990000001,616.9999995,616.9999995,1233.999999
2019-10-06,18,0,242734.51826141,177801051,41,41,732.4918279999999,19.49353944,29.855607,799.235117
2019-10-07,15,0,26593.32685874,177801051,18,18,6685.927336000001,455.46818533,274.25,8198.427336
2019-10-08,14,0,49001.80551266,177801051,12,12,3628.459179,578.45220067,78.9336195,6941.426408
2019-10-09,8,0,70471.06832089,177801051,5,5,2523.036123,504.6072246,4,2523.036123
2019-10-10,26,0,24690.79380589,177801051,29,29,7201.1071170000005,248.48610748,2,7206.097117
2019-10-11,14,0,45707.87540444,177801051,18,18,3889.94346,216.21239094,27.7252825,3891.823037
2019-10-12,14,0,5048.72929118,177801051,14,14,35216.990404,2519.20985221,38.8719475,35268.937931
2019-10-13,13,0,16105.93107251,177801051,11,11,11039.476711999998,1003.588792,82.991999,11039.476712
2019-10-14,5,0,59287.7623414,177801051,5,5,2998.9502719999996,599.7900544,29.941,2998.950272
2019-10-15,14,0,16548.64954078,177801051,17,17,10744.14263,1152.89074294,30,19599.14263
2019-10-16,13,0,11799.09529583,177801051,18,18,15069.041018999998,1329.95672328,50,23939.221019
2019-10-17,9,0,28002.17369541,177801051,9,9,6349.544608,705.50495644,80,6349.544608
2019-10-18,8,0,56391.07232997,177801051,6,6,3152.9999989999997,531.6666665,32,3189.999999
2019-10-19,16,0,249754.36003217,177801051,35,35,711.9036920000001,26.44008537,30.21388,925.402988
2019-10-20,9,0,14526.22871218,177801051,11,11,12240.000796,1112.72734509,1428.999999,12240.000796
2019-10-21,15,0,6547.25263322,177801051,24,24,27156.589329999995,1133.11538875,1520.9999995,27194.76933
2019-10-22,15,0,1127.67953046,177801051,58,58,157669.83987699996,2731.4627565,1115.4999995,158424.839877
2019-10-23,14,0,1785.97219186,177801051,35,35,99554.2102,2844.40600571,1250.999999,99554.2102
2019-10-24,24,0,4310.84234112,177801051,60,60,41245.083195,873.77388658,255.75664,52426.433195
2019-10-25,21,0,93.14289473,176863551,84,84,1898841.038945,22618.80556955,5,1899979.667842
2019-10-26,23,0,608.86604892,176863551,78,78,290480.23175599996,3782.15347586,957.9999995,295007.971117
2019-10-27,17,0,1100.35890558,176863551,41,41,160732.60288399993,3939.80738741,564,161532.102884
2019-10-28,26,0,2489.00703428,176863551,35,35,71057.875114,2532.8927604,82.456275,88651.246614
2019-10-29,19,0,9715.56113893,176863551,26,26,18204.151923999998,727.08661246,199.9999995,18904.251924
2019-10-30,33,0,578.41506298,176863551,64,64,305772.72674799996,5756.83816481,2094.5,368437.642548
2019-10-31,12,0,9699.46689253,176863551,15,15,18234.357925,1688.39052833,1420.9,25325.857925
2019-11-01,26,0,12.56077262,176863551,56,56,14080626.755883,251521.14028184,957.7999995,14085183.855783
2019-11-02,32,0,235.31738276,176863551,88,88,751595.77642,8923.2452762,1999.5,785245.584306
2019-11-03,25,0,875.97361297,176863551,45,45,201905.11264300006,4846.82676584,1620.3,218107.204463
2019-11-04,28,0,1457.80438998,176863551,47,47,121321.86747100002,2585.14611538,1468.7,121501.867423
2019-11-05,33,0,1542.48950044,176863551,45,45,114661.105278,2667.80656173,999.5,120051.295278
2019-11-06,25,0,1478.87657286,176863551,51,51,119593.179205,2716.87111716,1299.5,138560.426975
2019-11-07,24,0,2479.1870533,176863551,30,30,71339.33309499998,2377.97776983,1356.7499995,71339.333095
2019-11-08,17,0,157515.07318559,172363551,17,17,1094.267028,67.69397629,27.615973,1150.797597
2019-11-09,18,0,9321.10399746,172363551,25,25,18491.752806,739.67011224,29.799247,18491.752806
2019-11-10,24,0,1627.66323411,172363551,50,50,105896.322647,2312.42045294,1000,115621.022647
2019-11-11,27,0,507.29246398,172363551,70,70,339771.55829799996,5012.25368997,3260.5307455,350857.758298
2019-11-12,16,0,1617.50188906,172363551,18,18,106561.576321,11763.84757339,27.59,211749.256321
2019-11-13,12,0,9342.97802434,172363551,15,15,18448.459425999998,1232.8306284,44,18492.459426
2019-11-14,9,0,2529.80625805,172363551,10,10,68133.10325700001,13613.2603257,22.19,136132.603257
2019-11-15,18,0,3542.47592433,172363551,20,20,48656.237807,2432.81189035,305,48656.237807
2019-11-16,10,0,3080.5057296,172363551,15,15,55953.004516,3730.20030107,4750.64227,55953.004516
2019-11-17,12,0,56259.45645765,172363551,9,9,3063.725849,340.41398322,324.849999,3063.725849
2019-11-18,13,0,270.63120726,172363551,29,29,636894.587093,21964.92300321,1000,636982.767093
2019-11-19,34,0,165.20342807,172363551,85,67,1043341.249115,15572.25744948,3300,1043341.249115
2019-11-20,47,0,98.52948001,172363551,86,78,1749360.2013930003,22489.42565888,2077.4999,1754175.201393
2019-11-21,30,0,537.44624917,172363551,51,51,320708.44529400003,6592.31215478,624,336207.919894
2019-11-22,28,0,78.64903285,172363551,43,43,2191553.344673001,51593.32360867,700.9999,2218512.915173
2019-11-23,24,0,77.93945757,172363551,41,41,2211505.652965,53997.16226744,538,2213883.652965
2019-11-24,38,0,3134.44806699,172363551,41,41,54990.080332000005,1580.97717883,400,64820.064332
2019-11-25,38,0,3982.19732686,172363551,46,46,43283.528377,994.13456852,254.923239,45730.190152
2019-11-26,23,0,7393.36938312,172363551,30,30,23313.261121999996,964.6420374,545.75,28939.261122
2019-11-27,29,0,1182.13824884,172363551,39,39,145806.593408,4124.83083097,1660,160868.402408
2019-11-28,24,0,1257.7086826,172363551,36,36,137045.687435,6441.77575931,350.49995,231903.927335
2019-11-29,25,0,12078.03693105,172363551,28,28,14270.824967999999,686.41517743,197.8,19219.624968
2019-11-30,37,0,1805.89822817,172363551,60,60,95444.77552000005,2618.25625867,950,157095.37552
2019-12-01,28,0,2068.11944447,172363551,41,41,83343.131588,2152.64955093,743.5096,88258.631588
2019-12-02,27,0,4517.58406435,172363551,31,31,38153.92221700001,1245.96523281,590.9,38624.922217
2019-12-03,34,0,2094.17211204,172363551,38,38,82306.296607,2228.71028703,510.05,84690.990907
2019-12-04,41,0,1430.57610868,172363551,72,72,120485.411405,2123.29668618,950,152877.361405
2019-12-05,40,0,2646.23188445,172363551,59,59,65135.46753500001,1362.73250059,746.0132,80401.217535
2019-12-06,58,0,363.84938603,172363551,130,130,473722.253271,4223.51618175,950,549057.103628
2019-12-07,31,0,2058.02561001,172363551,72,72,83751.898014,1715.12078103,950,123488.696234
2019-12-08,41,0,537.44855785,172363551,138,138,320707.06764599995,2752.25079961,950,379810.610346
2019-12-09,36,0,1120.27159987,172363551,71,71,153858.71695800003,2349.10944896,740.055418,166786.770876
2019-12-10,39,0,2116.36672755,172363551,72,72,81443.13967699998,1482.90701808,950,106769.305302
2019-12-11,33,0,2343.14257122,172363551,54,54,73560.846496,1683.7425277,950,90922.096496
2019-12-12,45,0,437.43198716,172363551,101,97,394035.0867359999,7315.00037872,950,709555.036736
2019-12-13,43,0,1816.10149806,172363551,104,104,94908.545136,1236.71902063,950,128618.778146
2019-12-14,24,0,40.37645679,172363551,46,46,4268912.249899001,92812.76630215,950,4269387.249899
2019-12-15,35,0,1787.73337642,172363551,87,87,96414.573489,1824.82731378,950,158759.976299
2019-12-16,22,0,1366.59272641,172363551,64,64,126126.49523799997,2047.42109591,698.25,131034.950138
2019-12-17,44,0,887.77138473,172363551,109,108,194153.082612,2851.80372326,708.2250475,307994.802112
2019-12-18,43,0,746.5973405,172363551,116,116,230865.47680999996,2266.12035099,958.55,262869.960715
2019-12-19,44,0,2991.32533326,172363551,91,90,57621.131705,4416.37139728,569.7153995,397473.425755
2019-12-20,65,0,1620.46446162,172363551,148,148,106366.75785400001,1261.83815411,440.8,186752.046809
2019-12-21,28,0,1116.97027702,172363551,78,76,154313.46253900003,4007.014694,950,304533.116744
2019-12-22,47,0,1228.56531615,172363551,153,153,140296.611612,1541.67321822,481.65,235876.002387
2019-12-23,28,0,948.46986391,172363551,61,60,181728.02063500002,5625.49664925,379.7587,337529.798955
2019-12-24,53,0,708.17181094,172363551,131,129,243392.27901699996,2915.20064234,674.5,376060.882862
2019-12-25,39,0,2907.06631339,172363551,99,99,59291.234674,881.86520398,475,87304.655194
2019-12-26,52,0,1104.14165537,172363551,141,141,156106.37472199998,1488.92086303,620.35,209937.841687
2019-12-27,48,0,818.75461676,172363551,122,122,210519.18056099996,2924.37984218,940.4999995,356774.340746
2019-12-28,72,0,404.78040649,172363551,190,188,425819.896998,3389.12147244,475,637154.836818
2019-12-29,43,0,1403.02098115,172363551,91,91,122851.72731999999,1921.76714429,488.3,174880.81013
2019-12-30,51,0,63.49301668,172363551,157,156,2714685.1734910007,24611.87780437,475,3839452.937481
2019-12-31,64,0,317.42329124,172363551,239,239,543008.5181430001,2534.71665026,571.835399,605797.279413
2020-01-01,48,0,1101.00149079,172363551,134,132,156551.605462,3655.78508782,586.625,482563.631592
2020-01-02,36,0,2242.28700453,172363551,85,85,76869.53126499998,1147.36216565,392.35,97525.78408
2020-01-03,74,0,433.5771733,172363551,203,203,397538.34291400004,2862.34714019,570,581056.469459
2020-01-04,83,0,758.59796537,172363551,212,212,227213.30515999996,2868.95863818,456,608219.231295
2020-01-05,95,0,959.27326493,172363551,263,263,179681.38725500004,1064.00990772,499.7,279834.60573
2020-01-06,66,0,1748.35060775,172363551,201,201,98586.37634599999,1582.25590399,475,318033.436701
2020-01-07,62,0,498.51394047,172363551,198,198,345754.72621199995,3049.02755094,498.90295,603707.455087
2020-01-08,84,0,668.13139022,172363551,284,284,257978.52566600003,1200.38841065,499.14805,340910.308626
2020-01-09,63,0,358.17568815,172363551,193,193,481226.271634,4751.67165678,499.14805,917072.629759
2020-01-10,72,0,850.09790994,172363551,232,232,202757.29299499994,1217.42632407,475,282442.907185
2020-01-11,43,0,386.44346713,172363551,142,141,446025.2680129999,4345.91187789,484.9408,612773.574783
2020-01-12,101,0,568.02815453,172363551,477,477,303441.91502699995,829.54464427,494,395692.795317
2020-01-13,105,0,285.04286686,172363551,598,598,604693.437504,1706.63778905,492.518,1020569.397849
2020-01-14,57,0,621.7836253,172363551,363,363,277208.25056499994,832.35195204,475,302143.75859
2020-01-15,58,0,610.20062703,172363551,95,95,282470.29479099996,3666.49678733,2801.2175,348317.194796
2020-01-16,102,0,602.98661318,172363551,363,363,285849.71412599995,1125.05886755,491.57085,408396.368921
2020-01-17,32,0,1103.21880857,172363551,64,63,156236.95830899998,3005.05704054,1074.5819,189318.593554
2020-01-18,90,0,132.62631289,172363551,552,552,1299618.056527,3493.82599054,475,1928591.946777
2020-01-19,65,0,541.10138658,172363551,517,517,318542.061202,854.63505303,487.78225,441846.322417
2020-01-20,45,0,747.00223204,172363551,102,102,230740.34267499996,4093.9320801,1879.1,417581.07217
2020-01-21,16,0,5467.25937372,172363551,13,13,31526.499699,4799.89997685,775.2,62398.699699
2020-01-22,12,0,8246.6036579,172363551,19,19,20901.156179,1223.53085153,1167.1225,23247.086179
2020-01-23,7,0,269342.16003184,172363551,5,5,639.9427069999999,139.9630652,100,699.815326
2020-01-24,34,0,1231.14727483,172363551,67,67,140002.381944,2805.47621954,1995,187966.906709
2020-01-25,15,0,3475.45972438,172363551,20,20,49594.460782,4671.6055391,1802.15,93432.110782
2020-01-26,14,0,2873.28903783,172363551,14,14,59988.239516,5963.701394,4999.5,83491.819516
2020-01-27,6,0,33134.09742857,172363551,5,5,5201.999281,1040.3998562,76.836081,5201.999281
2020-01-28,10,0,17108.50601129,172363551,10,10,10074.728377000001,1007.4728377,333.7408775,10074.728377
2020-01-29,10,0,3990.69922887,172363551,11,11,43191.315886000004,4953.83780782,1959.5,54492.215886
2020-01-30,5,0,1505849.11519252,172363551,3,3,114.462697,38.15423233,52.999999,114.462697
2020-01-31,9,0,166.35376935,171850451,8,8,1033042.122637,129130.26532962,1706.8618995,1033042.122637
2020-02-01,37,0,2584.81422622,171850451,114,114,66484.64297999999,777.21349518,483.0465,88602.33845
2020-02-02,13,0,15211.90608449,171850451,12,12,11297.101760000001,943.88348,123.1644805,11326.60176
2020-02-03,18,0,730.51919666,171850451,14,14,235244.26433299997,32976.1203095,795.46,461665.684333
2020-02-04,40,0,884.7119369,171850451,74,74,194244.526193,4493.2412722,1049.45,332499.854143
2020-02-05,40,0,1217.80665261,171850451,123,123,141114.72509300002,1905.66834149,475,234397.206003
2020-02-06,43,0,1605.36580204,171850451,147,147,107047.534451,901.23761446,483.99365,132481.929326
2020-02-07,15,0,10903.59994129,171850451,11,11,15760.891075,2462.00555227,150.999999,27082.061075
2020-02-08,13,0,47994.91862806,171850451,12,12,3580.5967779999996,304.63306483,249.9999995,3655.596778
2020-02-09,21,0,11134.667196,171850451,26,26,15433.820156,897.10077523,108.8249995,23324.620156
2020-02-10,80,0,1469.61939038,171850451,204,204,116935.34538600002,688.65662265,294.5,140485.951021
2020-02-11,67,0,2106.21575447,171850451,134,134,81592.04518100001,1112.52558109,443.465,149078.427866
2020-02-12,143,0,43.5162877,171850451,470,470,3949106.416738,8591.78724401,243.2,4038140.004683
2020-02-13,116,0,128.05549509,171850451,345,345,1341999.817214,4172.51039039,465.5,1439516.084684
2020-02-14,101,0,72.5639247,171850451,247,246,2368262.9034170005,10028.03892861,855,2466897.576437
2020-02-15,60,0,2070.31262137,171850451,146,146,83007.005428,851.16603392,615.9325,124270.240953
2020-02-16,78,0,1370.20335344,171850451,224,224,125419.66896299999,953.49982055,316.78225,213583.959803
2020-02-17,43,0,6378.94796427,171850451,112,112,26940.249703,405.00761034,249.85,45360.852358
2020-02-18,49,0,1741.47308725,171850451,107,107,98681.083422,1304.49097684,625.1,139580.534522
2020-02-19,29,0,2738.08613823,171850451,63,63,62762.981997,1813.3073736,798,114238.364537
2020-02-20,20,0,607.81274643,171850451,31,31,282735.84588399995,18037.57470594,95,559164.815884
2020-02-21,55,0,4573.16098691,171850451,125,125,37578.045358999996,533.48895755,285,66686.119694
2020-02-22,50,0,2212.60943544,171850451,132,132,77668.67855100002,896.53279205,177.175,118342.328551
2020-02-23,103,0,1031.46079984,171850451,282,282,166608.80474300002,794.79394506,304.95,224131.892508
2020-02-24,96,0,424.63194984,171850451,228,228,404704.47657999996,3281.19999862,313.025,748113.599685
2020-02-25,125,0,1016.70982772,171850451,416,416,169026.054745,633.44831224,218.5,263514.49789
2020-02-26,71,0,2340.83279362,171850451,149,149,73414.23593699999,674.34168414,380,100476.910937
2020-02-27,56,0,2045.43207136,171850451,136,136,84016.699164,867.12857106,275.5,117929.485664
2020-02-28,51,0,2107.96582072,171850451,103,103,81524.306187,1204.27772997,606.1,124040.606187
2020-02-29,46,0,444.60813324,171850451,79,79,386521.1590909999,8827.20593153,275.5,697349.268591
2020-03-01,55,0,2011.91690725,171850451,107,107,85416.27657700001,1024.41071567,228,109611.946577
2020-03-02,61,0,2454.13246258,171850451,121,121,70024.928817,820.00888386,159,99221.074947
2020-03-03,82,0,3915.66887968,171850451,174,174,43887.89151500001,437.14425621,175.75,76063.10058
2020-03-04,132,0,939.86038348,171850451,389,389,182846.78663000005,635.56133963,231.8,247233.361115
2020-03-05,92,0,1236.27796711,171850451,230,230,139006.320239,865.44665234,190,199052.730039
2020-03-06,81,0,657.61874941,171850451,199,199,261322.31046300003,2160.12580343,190,429865.034883
2020-03-07,76,0,1394.93848413,171850451,174,174,123195.720066,948.16145728,304,164980.093566
2020-03-08,79,0,868.27525407,171850451,220,220,197921.627035,1420.93546144,285,312605.801516
2020-03-09,93,0,101.56464139,171850451,226,226,1692030.303554,7760.78131794,602.1153345,1753936.577854
2020-03-10,32,0,9549.05344675,171850451,62,62,17996.595365,532.51436669,468.825,33015.890735