date,AdrActCnt,CapMrktCurUSD,IssTotNtv,IssTotUSD,NVTAdj,NVTAdj90,PriceBTC,PriceUSD,ROI1yr,ROI30d,SplyCur,TxCnt,TxTfrCnt,TxTfrValAdjNtv,TxTfrValAdjUSD,TxTfrValMeanNtv,TxTfrValMeanUSD,TxTfrValMedNtv,TxTfrValMedUSD,TxTfrValNtv,TxTfrValUSD,VtyDayRet180d,VtyDayRet30d,VtyDayRet60d
2019-05-21,3,364665242.489493,340000001,364665243.56203783085145,1,,0.0001343399999999999,1.07254483085145,,,340000000,2,2,340000000,364665242.489493,170000000,182332621.2447465,170000000,182332621.2447465,340000000,364665242.489493,,,
2019-05-22,2,382260821.7404312,0,0,340000000,,0.0001466237463248302,1.12429653453068,,,340000000,1,1,1,1.12429653453068,1,1.12429653453068,1,1.12429653453068,1,1.12429653453068,,,
2019-05-23,0,377828970.4090512,0,0,,,0.0001407110752731526,1.11126167767368,,,340000000,0,0,0,0,,,,,0,0,,,
2019-05-24,0,413928918.755396,0,0,,,0.00015242552870310043,1.2174379963394,,,340000000,0,0,0,0,,,,,0,0,,,
2019-05-25,0,453740677.2679382,0,0,,,0.00016554192315107488,1.33453140372923,,,340000000,0,0,0,0,,,,,0,0,,,
2019-05-26,0,502387088.9065314,0,0,,,0.00016922692112621312,1.47760908501921,,,340000000,0,0,0,0,,,,,0,0,,,
2019-05-27,0,479309013.5296246,0,0,,,0.00015989185622442966,1.40973239273419,,,340000000,0,0,0,0,,,,,0,0,,,
2019-05-28,0,494465483.4663518,0,0,,,0.00016679541857594584,1.45431024548927,,,340000000,0,0,0,0,,,,,0,0,,,
2019-05-29,0,511614869.0332206,0,0,,,0.00017384918410286366,1.50474961480359,,,340000000,0,0,0,0,,,,,0,0,,,
2019-05-30,0,477509155.6635982,0,0,,,0.00016978999999999955,1.40443869312823,,,340000000,0,0,0,0,,,,,0,0,,,
2019-05-31,0,504760637.8818514,0,0,,,0.00017351000000000004,1.48459011141721,,,340000000,0,0,0,0,,,,,0,0,,,
2019-06-01,0,478924482.258771,0,0,,,0.00016465612422726273,1.40860141840815,,,340000000,0,0,0,0,,,,,0,0,,,
2019-06-02,0,489697228.4226396,0,0,,,0.00016471039574479676,1.44028596594894,,,340000000,0,0,0,0,,,,,0,0,,,
2019-06-03,0,483056982.9743194,0,0,,,0.00017382675648113975,1.42075583227741,,,340000000,0,0,0,0,,,,,0,0,,,
2019-06-04,0,497135421.9498082,0,0,,,0.00019113393483060088,1.46216300573473,,,340000000,0,0,0,0,,,,,0,0,,,
2019-06-05,0,505005764.063211,0,0,,,0.0001904600374050267,1.48531107077415,,,340000000,0,0,0,0,,,,,0,0,,,
2019-06-06,2,560734102.6164868,0,0,32.38095238,,0.0002120713313851549,1.64921794887202,,,340000000,1,1,10500000,17316788.46315621,10500000,17316788.46315621,10500000,17316788.46315621,10500000,17316788.46315621,,,
2019-06-07,0,575098856.393427,0,0,,,0.00021080231121485665,1.69146722468655,,,340000000,0,0,0,0,,,,,0,0,,,
2019-06-08,0,585575076.9982476,0,0,,,0.00021691711630625386,1.72227963823014,,,340000000,0,0,0,0,,,,,0,0,,,
2019-06-09,0,599553568.238825,0,0,,,0.00023098999999999944,1.76339284776125,,,340000000,0,0,0,0,,,,,0,0,,,
2019-06-10,0,650580814.5632232,0,0,,,0.0002393845315844706,1.91347298400948,,,340000000,0,0,0,0,,,,,0,0,,,
2019-06-11,0,651916076.043278,0,0,,,0.00024202009292811214,1.9174002236567,,,340000000,0,0,0,0,,,,,0,0,,,
2019-06-12,2,668859729.0462558,0,0,34.14299249,,0.00024147457797838869,1.96723449719487,,,340000000,5,5,9958119.52,19589956.2469336201908624,1991623.904,3917991.24938672403817248,1.1,2.163957946914357,9958119.52,19589956.2469336201908624,,,
2019-06-13,2,665748479.3770444,0,0,8118.14673216,,0.0002378400000000006,1.95808376287366,,,340000000,3,3,41881.48,82007.4459531179338168,13960.49333333,27335.8153176994509930570878,1.1,2.153892139161026,41881.48,82007.4459531179338168,,,
2019-06-14,3,654568455.0426754,0,0,32.47604713,,0.00022133827001753406,1.92520133836081,,,340000000,9,9,10469254.42,20155422.6210238256472802,1163250.49111111,2239491.402335978488362979599,7230,13919.2056763486563,10469254.42,20155422.6210238256472802,,,
2019-06-15,4,651900400.1764094,0,0,7.54655544,,0.0002166358673493187,1.91735411816591,,,340000000,14,14,45053667.58,86383835.0729909484281978,3218119.11285714,6170273.933785062266716648097,13583,26043.42098704755553,45053667.58,86383835.0729909484281978,,,
2019-06-16,2,633403153.763232,0,0,3914.25479496,,0.00020654658679135005,1.8629504522448,,,340000000,8,8,86862,161819.6021828878176,10857.75,20227.4502728609772,10372.5,19323.453565909188,86862,161819.6021828878176,,,
2019-06-17,2,649984731.9235476,0,0,6218.79172535,,0.00020466838231514645,1.91171979977514,,,340000000,8,8,54673,104519.45661310622922,6834.125,13064.9320766382786525,6359,12156.62620677011526,54673,104519.45661310622922,,,
2019-06-18,2,636031028.221239,0,0,4992.14471347,,0.00020677042634423173,1.87067949476835,,,340000000,8,8,68107,127406.36835018801345,8513.375,15925.79604377350168125,7605,14226.51755771330175,68107,127406.36835018801345,,,
2019-06-19,7,630859638.079996167315814,0,0,9637.3449014,,0.00020012892742000455,1.85820823358566,,,339498892.9,14,14,35227.43,65459.9004740624866538,2516.245,4675.7071767187490467,2827,5253.15467634666082,35227.43,65459.9004740624866538,,,
2019-06-20,4,643114861.069230012368245,0,0,8479.035682,,0.00019842482589776386,1.89430620988405,,76.61790494857327,339498892.9,12,12,40039.8,75847.64178251538519,3336.65,6320.6368152096154325,3522.5,6672.693624316566125,40039.8,75847.64178251538519,,0.04469121868375885,
2019-06-21,4,622390728.095094681433059,0,0,5639.51649336,,0.00018180843928882625,1.83326290927971,,63.05866406009844,339498892.9,12,12,60200,110362.427138638542,5154.16666667,9448.9425782519495013642657,5118.5,9383.556201148195635,61850,113387.3109389500635,,0.04533041576381911,
2019-06-22,2,621976520.644742551213971,0,0,2362.07649744,,0.0001714545844535368,1.83204285390099,,64.86151648243613,339498892.9,8,8,143729,263317.68734833539171,17966.125,32914.71091854192396375,14371.5,26329.203874838077785,143729,263317.68734833539171,,0.04514060579325502,
2019-06-23,2,631358567.343628409212447,0,0,5974.35844332,,0.00017228128168292873,1.85967783856543,,52.75339230064453,339498892.9,8,8,56826,105678.05285431912518,7103.25,13209.7566067898906475,5781,10750.79758474675083,56826,105678.05285431912518,,0.04288640748264548,
2019-06-24,2,642933371.177354536223322,0,0,4644.24416766,,0.0001720952399181776,1.89377162819418,,41.90536265405241,339498892.9,8,8,73101,138436.59979262275218,9137.625,17304.5749740778440225,6218.5,11776.41886992550833,73101,138436.59979262275218,,0.04031545938382054,
2019-06-25,2,648403260.599958597688287,0,0,5690.56139625,,0.00016287227644652252,1.90988328433503,,29.254977090926587,339498892.9,8,8,59660,113943.6367434278898,7457.5,14242.954592928486225,7436.5,14202.847043957450595,59660,113943.6367434278898,,0.036541017686839615,
2019-06-26,2,636549313.421388215385273,0,0,2137.43228608,,0.0001459999216832265,1.87806425258227,,33.221330676792185,338939049.9,6,6,158573,297810.28272472830071,26428.83333333,49635.0471207817899041580591,26146.5,49104.806980142322555,158573,297810.28272472830071,,0.035353130209663804,
2019-06-27,2,594617992.864767043617687,0,0,1787.84180768,,0.00015791023595227593,1.75435079858813,,20.631124206782854,338939049.9,8,8,189580,332589.8243963376854,23697.5,41573.728049542210675,17358,30452.02116189276054,189580,332589.8243963376854,,0.03782427640587993,
2019-06-28,2,620939740.561345975139106,0,0,3505.89126576,,0.00014824236983822827,1.83201003467894,,21.748496670528564,338939049.9,8,8,96677,177113.23412265588238,12084.625,22139.1542653319852975,13042,23893.07487228273548,96677,177113.23412265588238,,0.038094799312340444,
2019-06-29,4,644239178.885200006791243,0,0,5170.80721784,,0.000159133988407747,1.90075230067257,,35.338930063145504,338939049.9,9,9,65548.576,124591.60663781080576032,7283.17511111,13843.5118486435331374792527,7939,15090.07251503953323,65548.576,124591.60663781080576032,,0.035681062248854346,
2019-06-30,2,594113638.063915165527111,0,0,6302.91120223,,0.00016166418176505055,1.75286275877389,,18.070485940431286,338939049.9,8,8,53775,94260.19485306593475,6721.875,11782.52435663324184375,6186.5,10844.085457154670485,53775,94260.19485306593475,,0.03829749973234446,
2019-07-01,2,592868579.48898194379897,0,0,5019.3858647,,0.00016549323983992384,1.7491893591603,,24.179156452720747,338939049.9,8,8,67526,118115.7606666584178,8440.75,14764.470083332302225,7702.5,13473.13103893221075,67526,118115.7606666584178,,0.036735129420329464,
2019-07-02,2,584659552.87716454507887,0,0,4265.04737571,,0.00016022257456086317,1.7249695868613,,19.765770662411107,338939049.9,8,8,79469,137081.6080982806497,9933.625,17135.2010122850812125,10862,18736.6196524874406,79469,137081.6080982806497,,0.036818757192379245,
2019-07-03,2,578204557.083934744485027,0,0,5011.14848234,,0.0001427310344827581,1.70592487721473,,20.07164344912146,338939049.9,8,8,67637,115383.64092017269301,8454.625,14422.95511502158662625,8288,14138.70538235568224,67637,115383.64092017269301,,0.0367746994765866,
2019-07-04,2,606499640.203092516286362,0,0,5845.89333897,,0.00016009703381215655,1.78940620852638,,22.380760661306155,338939049.9,8,8,57979,103747.98256415098602,7247.375,12968.4978205188732525,6499.5,11630.24565231720681,57979,103747.98256415098602,,0.03733902959449325,
2019-07-05,4,592036806.830499717153228,0,0,6355.02834981,,0.00015916945793193594,1.75060922294052,,17.861453899222308,338189013.9,10,10,53215.9725,93160.3722662490814557,5321.59725,9316.03722662490814557,6000,10503.65533764312,53215.9725,93160.3722662490814557,,0.037657756977732514,
2019-07-06,2,578235282.054311902305546,0,0,9928.33907466,,0.00015254860063165568,1.70979913092414,,3.6733278396317752,338189013.9,8,8,34063,58240.88779666898082,4257.875,7280.1109745836226025,3769,6444.23292445308366,34063,58240.88779666898082,,0.03300004487835457,
2019-07-07,2,578395176.45446305661679,0,0,11309.91284529,,0.00014928810378890206,1.7102719268861,,1.111739082206256,338189013.9,8,8,29902,51140.5511577481622,3737.75,6392.568894718520275,3113,5324.0765083964293,29902,51140.5511577481622,,0.03268481867124805,
2019-07-08,4,546199787.747352430203462,0,0,3102.45226362,,0.00013109756285305366,1.61507253428658,,-6.2247210942892455,338189013.9,9,9,109007,176054.21174497722606,12111.88888889,19561.5790827770418650380962,11251,18171.18108325831158,109007,176054.21174497722606,,0.03414031123554323,
2019-07-09,2,529733425.652321055502608,0,0,4481.6397066,,0.00012452256252586756,1.56638271463472,,-11.172220267120172,338189013.9,8,8,75461,118200.80602905060592,9432.625,14775.10075363132574,8156.5,12776.20061191809368,75461,118200.80602905060592,,0.034165721907785176,
2019-07-10,4,509134473.253076825999142,0,0,3224.71741232,,0.0001243495599481113,1.50547312989778,,-21.32247789863119,338189013.9,9,9,104874,157884.98902489977972,11652.66666667,17542.7765583272159904329926,7739,11650.85655227891942,104874,157884.98902489977972,,0.030684062044279113,
2019-07-11,4,509772883.265028997790661,0,0,1493.20052409,,0.0001334576211459061,1.50736086127199,,-21.385173388721025,338189013.9,10,10,226486,341396.13202604792714,22648.6,34139.613202604792714,7727.5,11648.131055479302725,226486,341396.13202604792714,,0.030675407771691015,
2019-07-12,2,508007270.652632296651926,0,0,6960.05379502,,0.00012715643039790076,1.50214007484834,,-23.642042827620198,338189013.9,8,8,48590,72988.9862368808406,6073.75,9123.623279610105075,5294.5,7953.08062628453613,48590,72988.9862368808406,,0.03002677041024607,
2019-07-13,2,482535746.188732709465967,0,0,7397.60726879,,0.00012574628813686895,1.42682265347453,,-27.131684531179484,338189013.9,8,8,45716,65228.62442624161348,5714.5,8153.578053280201685,4747.5,6773.840547370331175,45716,65228.62442624161348,,0.030993259211873535,
2019-07-14,2,478253345.863319589044646,0,0,758.10985082,,0.00013752304662464177,1.41415991119314,,-26.544830246315442,338189013.9,8,8,446095,630849.6655837037883,55761.875,78856.2081979629735375,8235.5,11646.31394863110447,446095,630849.6655837037883,,0.030970866441407875,
2019-07-15,2,488451141.656080667985177,0,0,3189.26736927,,0.00013266728267295971,1.44957318041743,,-24.39721141319198,336962043.9,8,8,105655,153154.65437700356665,13206.875,19144.33179712544583125,8963,12992.52441608142509,105655,153154.65437700356665,,0.031610071565665344,
2019-07-16,4,454672248.768967803725223,0,0,682.27781605,,0.0001424672914896114,1.34932778631857,,-27.570387892352688,336962043.9,16,16,493878.05960000004,666403.3888713788330198834527,56024.31995,75595.1716181367983064715,12000,16191.93343582284,896389.1192,1209522.745890188772903544,,0.03343698496387373,
2019-07-17,2,455127078.252937405959486,0,0,3428.83644439,,0.00013960661394665135,1.35067758073074,,-29.347513119359377,336962043.9,8,8,98273,132735.13789115201202,12284.125,16591.8922363940015025,13410.5,18113.26169638958877,98273,132735.13789115201202,,0.03280105506920907,
2019-07-18,2,446018290.370213057569656,0,0,2374.02540493,,0.0001239381123294787,1.32364549196104,,-29.242529483921576,336962043.9,8,8,141937,187874.27019247413448,17742.125,23484.28377405926681,7441,9849.24610568209864,141937,187874.27019247413448,,0.032786372762652935,
2019-07-19,2,418413941.647793972162757,0,0,3024.25097738,,0.00011789786838968816,1.24172425120963,,-33.1762593251695,336962043.9,8,8,111420,138352.9160697769746,13927.5,17294.114508722121825,10779,13384.54570378860177,111420,138352.9160697769746,,0.03413075061866278,
2019-07-20,2,424374195.28674403358244,0,0,3580.13221313,,0.00011593972229177494,1.2594124559996,,-33.51589888539254,336962043.9,8,8,94120,118535.900358682352,11765,14816.987544835294,4805.5,6052.1065573060778,94120,118535.900358682352,,0.03397484815704016,0.042646740222740946
2019-07-21,2,428821983.703097442326385,0,0,7046.17213626,,0.00012017444761022309,1.27261212788215,,-30.582126467492866,336962043.9,8,8,47822,60858.8571795801773,5977.75,7607.3571474475221625,4828,6144.1713534150202,47822,60858.8571795801773,,0.034050266406661846,0.042259897844138916
2019-07-22,2,429041207.444996121583824,0,0,6588.49608752,,0.00012339537712122655,1.27326271671216,,-30.500385730552814,336962043.9,8,8,51144,65119.74838352671104,6393,8139.96854794083888,6307,8030.46795430359312,51144,65119.74838352671104,,0.034064648764077415,0.04222208454770123
2019-07-23,2,435786700.619353927226463,0,0,8740.45558985,,0.00013107604004400798,1.29328127161017,,-30.456703586476173,336962043.9,8,8,38552,49858.57958311527384,4819,6232.32244788940923,5162.5,6676.564564687502625,38552,49858.57958311527384,,0.03408207404353024,0.040618870302623115
2019-07-24,2,443651525.300000034857025,0,0,7037.04878247,,0.00013444809807305454,1.31662165911975,,-30.476217960070283,336962043.9,8,8,47884,63045.111525290109,5985.5,7880.638940661263625,5044.5,6641.697959429578875,47884,63045.111525290109,,0.03407351515207501,0.03890195894177338
2019-07-25,3,433703821.931834362939647,0,0,7370.97791083,,0.00013004704814718507,1.28709992648473,,-32.608451152926676,336962043.9,9,9,45714.7,58839.387009271486531,5079.41111111,6537.7096676954017257483503,4295,5528.09418425191535,45714.7,58839.387009271486531,,0.03389864895878568,0.03661890791585573
2019-07-26,4,428161457.051282975162724,0,0,10979.28831535,,0.0001291746522974807,1.27065188736316,,-32.342469880034194,336962043.9,10,10,30690.7,38997.195879496534612,3069.07,3899.7195879496534612,2564,3257.95143919914224,30690.7,38997.195879496534612,,0.033891669594698824,0.03617459771761824
2019-07-27,2,439649819.656306490514798,0,0,6870.18663527,,0.00013811698097493006,1.30474582409282,,-25.62799725443417,336962043.9,8,8,49047,63993.86843428054254,6130.875,7999.2335542850678175,2975.5,3882.27119958818591,49047,63993.86843428054254,,0.03297573372480472,0.03610787024853971
2019-07-28,4,420021312.986881919299212,0,0,14205.12504026,,0.00013079979667734513,1.24649443636308,,-31.96028336266573,336962043.9,9,9,23721.16,29568.2939640784387728,2635.68444444,3285.3659960031754439272752,1711,2132.75198061722988,23721.16,29568.2939640784387728,,0.032015026635896886,0.03623180813643927
2019-07-29,6,454504592.304545392211238,0,0,3297.07463544,,0.00014192000000000043,1.34883023335242,,-29.037032711987543,336962043.9,11,11,102200.3082,137850.865558095243215844,14262.03058182,19237.0580377556209817050044,2868,3868.44510925474056,156882.3364,211607.638415284854194088,,0.03504359875683969,0.036703517248859036
2019-07-30,2,450921323.083478512678065,0,0,11015.07122683,,0.00013955375421663305,1.33819618929335,,-23.65653371348908,336962043.9,8,8,30591,40936.75962667286985,3823.875,5117.09495333410873125,3223.5,4313.675416187113725,30591,40936.75962667286985,,0.032487933881607894,0.0359641073424285
2019-07-31,4,439587283.863205248055857,0,0,8876.53233318,,0.00012969079588547657,1.30456023703863,,-25.419153151898584,336962043.9,9,9,37961,49522.41115822343343,4217.88888889,5502.4901286929421147078207,3196,4169.37451757546148,37961,49522.41115822343343,,0.03259660118764114,0.03548228104201891
2019-08-01,2,439676500.274355153788136,0,0,12468.06941094,,0.00012546023902760013,1.30482500398424,,-24.35663713013873,336962043.9,8,8,27026,35264.20055767807024,3378.25,4408.02506970975878,2795.5,3647.63829863794292,27026,35264.20055767807024,,0.032636537908143394,0.035348459141194034
2019-08-02,2,434000578.552874684178291,0,0,9741.88452687,,0.0001223188967825126,1.28798060912069,,-24.499570507255815,336962043.9,7,7,34589,44549.96128887554641,4941.28571429,6364.2801841305979754676601,2844,3663.01685233924236,34589,44549.96128887554641,,0.03264195594006978,0.03534476579672776
2019-08-03,2,445597338.278588430176685,0,0,10357.86437661,,0.0001223260549677149,1.32239623525915,,-26.09860025308754,336962043.9,8,8,32532,43020.1943254506678,4066.5,5377.524290681333475,2597,3434.26302296801255,32532,43020.1943254506678,,0.03156595003537374,0.03531172830242318
2019-08-04,2,448754305.236299467056567,0,0,11094.86167397,,0.000121218228059632,1.33176514494753,,-23.925618150774522,336962043.9,8,8,30371,40447.03921720143363,3796.375,5055.87990215017920375,2803,3732.93770128792659,30371,40447.03921720143363,,0.031634515713437866,0.03525718658803461
2019-08-05,4,441434888.647873944815466,0,0,4980.2821412,,0.0001111145633218954,1.31004336137894,,-23.380276800651643,336962043.9,9,9,67659.2278,88636.522215415423582532,7517.69197778,9848.5024683824027166399532,7990,10467.2464574177306,67659.2278,88636.522215415423582532,,0.03154859455165206,0.0324087206717737
2019-08-06,2,422331499.770785470259163,0,0,5254.03130789,,0.00010971687233872364,1.25335036220317,,-26.71631086846225,336962043.9,8,8,64134,80382.37212953810478,8016.75,10047.7965161922630975,6988,8758.41233107575196,64134,80382.37212953810478,,0.03214449110741151,0.03259205250394529
2019-08-07,2,423226133.442457833328155,0,0,5062.83496454,,0.00010495334259619666,1.25600536055645,,-22.232263016517663,336962043.9,8,8,66556,83594.6927771950862,8319.5,10449.336597149385775,9799,12307.59652809265355,66556,83594.6927771950862,,0.030962831005892696,0.032465726522312825
2019-08-08,2,419236678.799476296884775,0,0,6835.76183511,,0.00010421690671159442,1.24416588274225,,-20.57076019046922,336962043.9,8,8,49294,61329.9130238964715,6161.75,7666.2391279870589375,5401.5,6720.362015632263375,49294,61329.9130238964715,,0.030678731223053226,0.0322475580962981
2019-08-09,2,413526465.260521394248386,0,0,6167.85114768,,0.0001034900000000003,1.22721972028174,,-18.482788174036223,336962043.9,8,8,54632,67045.46775843201968,6829,8380.68346980400246,5465,6706.7557713397091,54632,67045.46775843201968,,0.030106318263962772,0.030143755226159547
2019-08-10,2,416058208.992521263419336,0,0,2731.71123208,,0.00010923235939068575,1.23473315919224,,-18.086425691701493,336962043.9,8,8,123352,152306.80465268118848,15419,19038.35058158514856,3560,4395.6500467243744,123352,152306.80465268118848,,0.03016409377656379,0.030169830647998806
2019-08-11,2,440974530.637516323926595,0,0,10743.2502439,,0.00011349999999999948,1.30867715999605,,-12.879152756231637,336962043.9,8,8,31365,41046.65912327610825,3920.625,5130.83239040951353125,2852,3732.3472603087346,31365,41046.65912327610825,,0.03240380172952604,0.031051239132555856
2019-08-12,2,425818320.221559813016554,0,0,15185.31067598,,0.00011099972704782346,1.26369817589286,,-11.432708696097384,336962043.9,8,8,22190,28041.4625230625634,2773.75,3505.182815382820425,2047.5,2587.42201514063085,22190,28041.4625230625634,,0.03171508531768847,0.03126184944355964
2019-08-13,2,413476865.956363060744929,0,0,9974.30790338,,0.00011291675178366875,1.22707252475911,,-13.229577854189243,336962043.9,8,8,33783,41454.19110393701313,4222.875,5181.77388799212664125,2695.5,3307.573990488181005,33783,41454.19110393701313,,0.032042645846886444,0.03136833822371377
2019-08-14,2,420611908.292210029211235,0,0,8890.1153972,,0.000124521136762127,1.24824714209365,,-13.888642604839355,336962043.9,6,6,37903,47312.31142677561595,6317.16666667,7885.3852378000968154736455,4555.5,5686.389855807622575,37903,47312.31142677561595,,0.031830427760045556,0.03152645348874559
2019-08-15,2,412093838.307300020095338,0,0,4912.69928415,,0.00011861861659847959,1.22296812287142,,-9.364638061141733,336962043.9,6,6,68590,83883.3835477506978,11431.66666667,13980.5639246291928604095714,12762.5,15608.13066814649775,68590,83883.3835477506978,,0.029412757117121737,0.031447859501615535
2019-08-16,4,389906460.871231323055994,0,0,22.24971065,,0.00011213048509618593,1.16316561702046,,-13.882807146975281,335211473.9,8,7,15065880.1422,17524113.771558358645109412,2152268.59174286,2503444.824508340272631678916,9217,10720.89749207757982,15065880.1422,17524113.771558358645109412,,0.030613504695108092,0.03163155385382098
2019-08-17,2,401451125.605467560331745,0,0,8147.27478855,,0.00011733000000000056,1.19760556204955,,-9.522181783338093,335211473.9,8,8,41144,49274.2832449666852,5143,6159.28540562083565,3374.5,4041.319969136206475,41144,49274.2832449666852,,0.031090501261158032,0.03194612578469459
2019-08-18,2,438521818.471732668455497,0,0,11798.23574194,,0.000126624265341905,1.30819453573523,,5.353063247403579,335211473.9,8,8,28412,37168.42314930935476,3551.5,4646.052893663669345,2948.5,3857.211588615325655,28412,37168.42314930935476,,0.03321528730788962,0.03425504612812311
2019-08-19,2,444114912.888113451268924,0,0,9066.63079898,,0.00012172024539089872,1.32487980712916,,5.198245484843833,335211473.9,6,6,36972,48983.45622917930352,6162,8163.90937152988392,5375.5,7121.89140322279958,36972,48983.45622917930352,,0.033197427088482855,0.03418394826696215
2019-08-20,2,437710279.324423390593479,0,0,13157.93193201,233.4490668006145,0.00012122606930536197,1.30577355909661,,2.605776771092568,335211473.9,7,7,25476,33265.88719154523636,3639.42857143,4752.2695987940420136558523,3340,4361.2836873826774,25476,33265.88719154523636,,0.033283449533137374,0.03402237760895014
2019-08-21,2,400687180.461466035955814,0,0,8043.85270799,213.64004610391027,0.00011838631936300714,1.19532656743426,,-6.120979453411474,335211473.9,8,8,41673,49812.84404468791698,5209.125,6226.6055055859896225,4256,5087.30987100021056,41673,49812.84404468791698,,0.03705774417949619,0.035649777013371485
2019-08-22,2,408232481.839728117655147,0,0,11908.8913564,217.61888663451916,0.00012034288545783549,1.21783564592873,,-5.83365949369298,335211473.9,8,8,28148,34279.63776160189204,3518.5,4284.954720200236505,3519.5,4286.172555846165235,28148,34279.63776160189204,,0.03711224959777344,0.03569161527033989
2019-08-23,2,402488967.004227898017593,0,0,12796.28469614,214.51719255169587,0.00011529527743510766,1.20070164162787,,-8.804352920138067,335211473.9,8,8,26196,31453.58020408368252,3274.5,3931.697525510460315,3371.5,4048.165584748363705,26196,31453.58020408368252,,0.036981069965165723,0.0355481505779285
2019-08-24,2,390006821.898668021479584,0,0,13444.49018971,207.8287990122386,0.00011465999999999962,1.16346501317856,,-9.60569655565409,335211473.9,8,8,24933,29008.67317358103648,3116.625,3626.08414669762956,2330.5,2711.45521321263408,24933,29008.67317358103648,,0.037177003768868275,0.035616478325375664
2019-08-25,2,394735233.372524288158798,0,0,11413.39713653,210.30543293171587,0.00011658704693877661,1.17757076981882,,-7.325461715364128,335211473.9,8,8,29370,34585.2535095787434,3671.25,4323.156688697342925,2563,3018.11388304563566,29370,34585.2535095787434,,0.037235784360799495,0.035693905642331776
2019-08-26,4,397609249.069902882687569,0,0,7630.92956429,211.771319017096,0.00011446350653807779,1.18614450884971,,-9.089993855743714,335211473.9,9,9,43928,52104.95598475006088,4880.88888889,5789.4395538624358138987219,2861,3393.55943981902031,43928,52104.95598475006088,,0.03688300351969001,0.034850003303267
2019-08-27,2,397599705.653588785950976,0,0,11162.18154241,211.72160573104,0.00011664931086065054,1.18611603901184,,-4.843856144870357,335211473.9,8,8,30031,35620.25076756456704,3753.875,4452.53134594557088,2267.5,2689.5181184593472,30031,35620.25076756456704,,0.036000409386462734,0.03424338236462248
2019-08-28,2,387374179.891966924839532,0,0,5313.90054057,206.18758771539362,0.00011883137346580991,1.15561133807588,,-14.324923218566099,335211473.9,8,8,63082,72898.27442850266216,7885.25,9112.28430356283277,2312,2671.77341363143456,63082,72898.27442850266216,,0.03286517312631621,0.033831243474092554
2019-08-29,2,378762472.001734807831976,0,0,7434.44019384,201.54310926644123,0.00011916091733592007,1.12992096480184,,-15.563878163596637,335211473.9,8,8,45089,50947.00638195016376,5636.125,6368.37579774377047,3667,4143.42017792834728,45089,50947.00638195016376,,0.03301464473689018,0.032517721744611455
2019-08-30,2,378724642.639430535641322,0,0,11249.08466391,201.482874487946,0.00011796262261378452,1.12980811257198,,-13.395481443106044,335211473.9,8,8,29799,33667.15194653243202,3724.875,4208.3939933165540025,2435,2751.0827541127713,29799,33667.15194653243202,,0.032813768057938834,0.03252418076547456
2019-08-31,2,378237450.394126833699233,0,0,14412.73858027,201.19247587960234,0.00011747546602998882,1.12835472483547,,-13.524440335671361,335211473.9,8,8,23258,26243.27419022336126,2907.25,3280.4092737779201575,1786.5,2015.805715918567155,23258,26243.27419022336126,,0.03280707035360032,0.032521308263182336
2019-09-01,2,386152930.09290563532225,0,0,13294.65669469,205.36763159528715,0.00011799401844046076,1.1519681161275,,-10.560135147224491,335211473.9,8,8,25214,29045.724080038785,3151.75,3630.715510004848125,2009,2314.3039453001475,25214,29045.724080038785,,0.0330942128524772,0.0327132984410892
2019-09-02,2,385765572.37299514945053,0,0,5646.33260174,205.07882748177676,0.00011089669732691688,1.1508125538927,,-12.975209456250811,335211473.9,8,8,59368,68321.4396995018136,7421,8540.1799624377267,7716,8879.6696658360732,59368,68321.4396995018136,,0.03260980227170091,0.03193737785480378
2019-09-03,2,379731449.78892515201465,0,0,6617.14781278,201.80259150609982,0.00010668000000000083,1.1328116110435,,-14.939085518105264,335211473.9,8,8,50658,57385.970592241623,6332.25,7173.246324030202875,5483.5,6211.77246915703225,50658,57385.970592241623,,0.03259386546696083,0.031899673634037805
2019-09-04,2,369511992.629605749834261,0,0,7248.1290845,218.66487497795038,0.00010421668610588943,1.10232501390999,,-15.855837569399798,335211473.9,8,8,46248,50980.32724330921752,5781,6372.54090541365219,4703.5,5184.785702925637965,46248,50980.32724330921752,,0.032780072164320634,0.03193526766582027
2019-09-05,2,357178016.23658129309962,0,0,8869.90563876,211.31008984758984,0.00010071000000000004,1.0655304010958,,-14.985431589712517,335211473.9,8,8,37792,40268.5249182124736,4724,5033.5656147765592,3734.5,3979.2232828922651,37792,40268.5249182124736,,0.03241526069000895,0.03210258100662242
2019-09-06,2,354474662.205317505858696,0,0,1419.54549801,209.36709195762617,0.00010236000000000046,1.05746577848664,,-15.807224101483996,335211473.9,8,8,236140,249709.9689318351696,29517.5,31213.7461164793962,8362.5,8843.057572594527,236140,249709.9689318351696,,0.03238597597197429,0.03144107435290648
2019-09-07,3,358773612.269471005585934,0,0,12246.95750612,211.8654942110889,0.00010198576961275222,1.07029036952506,,-13.975267737928409,335211473.9,5,5,27371,29294.91770427041726,5474.2,5858.983540854083452,3482,3726.75106668625892,27371,29294.91770427041726,,0.03253845397252629,0.03138178792660357
2019-09-08,2,356176458.706039261382879,0,0,11119.60040801,210.28760858174618,0.0001020962275992044,1.06254256324261,,-13.418718287978962,335211473.9,8,8,30146,32031.40811151172106,3768.25,4003.9260139389651325,3058.5,3249.786429677522685,30146,32031.40811151172106,,0.03250030154609033,0.031076090359388516
2019-09-09,2,351551404.428824906303042,0,0,7152.24617863,207.49005957244933,0.00010150000000000031,1.04874514090678,,-15.063013162061093,335211473.9,8,8,46868,49152.58726401896504,5858.5,6144.07340800237063,4361.5,4574.10193206492097,46868,49152.58726401896504,,0.03246693898659976,0.03107594869537656
2019-09-10,2,352877076.576447590345152,0,0,7675.48540059,238.89057159599338,0.00010437288246179627,1.05269987471168,,-19.560002505518064,335211473.9,8,8,43673,45974.56162828320064,5459.125,5746.82020353540008,3049,3209.68191799591232,43673,45974.56162828320064,,0.03023448977661389,0.03110013478756374
2019-09-11,2,356805479.653617064522871,0,0,8672.77622571,241.62429510976332,0.00010495006056050696,1.06441905314989,,-15.769518904478142,335211473.9,8,8,38651,41140.86082329639839,4831.375,5142.60760291204979875,3233,3441.26679883359437,38651,41140.86082329639839,,0.029946182043578427,0.030592456007243012
2019-09-12,2,358132979.341089966202617,0,0,11051.77784775,285.796170197317,0.0001026955946787454,1.06837923885603,,-12.932673717409946,335211473.9,8,8,30331,32405.01069374224593,3791.375,4050.62633671778074125,3412.5,3645.844152596202375,30331,32405.01069374224593,,0.02965178052537964,0.030607690532762574
2019-09-13,4,353718444.330689322660019,0,0,9985.44750972,1204.4369752268483,0.00010199857748574761,1.05520983579521,,-15.464670399698571,335211473.9,8,8,33570.000100000005,35423.39429316618855557017898,4196.2500125,4427.924286645772909940125,3587,3785.03768099741827,33570.0001,35423.394293166183279521,,0.02939459775021771,0.030377574106620873
2019-09-14,2,352932857.573979381495529,0,0,11892.83594338,1207.8004372481817,0.00010159415888117654,1.05286628010611,,-13.90893512137717,335211473.9,2,2,28186,29676.08897107081646,14093,14838.04448553540823,14093,14838.04448553540823,28186,29676.08897107081646,,0.029264985258764347,0.029102110953406996
2019-09-15,2,358882829.249513795286802,0,0,12540.17709401,1231.7171458495684,0.0001038810944542215,1.07061618468518,,-7.956685701590168,335211473.9,8,8,26731,28618.64123281954658,3341.375,3577.3301541024433225,1830.5,1959.76292606622199,26731,28618.64123281954658,,0.02823617948851596,0.029219624828804896
2019-09-16,2,361709423.982469380677554,0,0,8451.49065628,1245.4366287741937,0.00010519273758036227,1.07904845790086,,-9.899511818047563,335211473.9,8,8,39663,42798.29898572181018,4957.875,5349.7873732152262725,2710,2924.2213209113306,39663,42798.29898572181018,,0.027666873226752438,0.029178140827795924
2019-09-17,2,371730159.890456570852763,0,0,7143.86279437,1280.5977199354224,0.00010876662632497135,1.10894223149817,,-15.231091308990708,335211473.9,8,8,46923,52034.89632858863091,5865.375,6504.36204107357886375,5023.5,5570.771299931056995,46923,52034.89632858863091,,0.022434557930766746,0.028337555127418885
2019-09-18,2,369231069.060666217838216,0,0,6539.81844236,1272.9331445296402,0.00010839999999999998,1.10148696512344,,-16.86136665406524,335211473.9,8,8,51257,56458.91737133216408,6407.125,7057.36467141652051,6181.5,6808.84167491054436,51257,56458.91737133216408,,0.022170464075077192,0.028265514720059257
2019-09-19,3,363550150.43975285339938,0,0,4544.80895237,1254.8078182992733,0.00010561922751511271,1.0845396973142,,-16.94274326824851,335211473.9,9,9,73757,79992.3944548034494,8195.22222222,8888.043828309084289561524,4138,4487.8252674861596,73757,79992.3944548034494,,0.022183930653725988,0.028266920282608972
2019-09-20,2,360361430.751903193695404,0,0,9265.10430901,1254.5998263172212,0.00010570441599850652,1.07502713603236,,-10.064147713216128,335211473.9,8,8,36180,38894.4817816507848,4522.5,4861.8102227063481,3295.5,3542.75192679464238,36180,38894.4817816507848,,0.015879526761139864,0.028274779333388386
2019-09-21,2,358752356.24276087034659,0,0,11830.71482671,1252.6492450857927,0.00010716837940903232,1.0702269587281,,-12.120575357938607,335211473.9,8,8,28334,30323.8106486019854,3541.75,3790.476331075248175,2313,2475.4349555380953,28334,30323.8106486019854,,0.015316436090360862,0.028171698064681065
2019-09-22,2,358543886.82139962339955,0,0,14547.21494163,1257.4726228896398,0.00010645999999999995,1.0696050545345,,-10.91833162780004,335211473.9,8,8,23043,24646.9092716384835,2880.375,3080.8636589548104375,2339.5,2502.34102508346275,23043,24646.9092716384835,,0.015215309075731433,0.028038477698533647
2019-09-23,2,355072726.750953355297601,0,0,9087.76972022,1248.9426754592535,0.00010928280393370573,1.05924991952059,,-8.957303612702262,335211473.9,7,7,36886,39071.49253143648274,5269.42857143,5581.6417902067250341707437,2810,2976.4922738528579,36886,39071.49253143648274,,0.014345334477234649,0.02793772739003245
2019-09-24,2,351730580.030323631997552,0,0,2073.91775082,1243.4175479699577,0.0001218156144755615,1.04927965602768,,-10.89455658031311,335211473.9,8,8,161632,169597.16936306597376,20204,21199.64617038324672,10133.5,10632.87539435649528,161632,169597.16936306597376,,0.014095858206995734,0.027921322694496122
2019-09-25,2,349459759.114015184184802,0,0,4012.9707645,1247.4191949424524,0.00012375188194038516,1.04250536250518,,-12.109750985048791,335211473.9,8,8,83532,87082.55794078269576,10441.5,10885.31974259783697,8217.5,8566.78781638631665,83532,87082.55794078269576,,0.013945148002039649,0.02765063196680076
2019-09-26,2,348357107.683724052717972,0,0,4462.52478001,1248.3875273124659,0.00012842994005138328,1.03921594219548,,-12.384968416643549,335211473.9,8,8,75117,78062.78392989787116,9389.625,9757.847991237233895,7307.5,7594.0704975934701,75117,78062.78392989787116,,0.01392370507856932,0.027097029925864942
2019-09-27,2,349755998.363237858365373,0,0,7554.5721153,1257.320404228417,0.00012744805001132706,1.04338910089807,,-9.711070969990875,335211473.9,8,8,44372,46297.26118504916204,5546.5,5787.157648131145255,4484.5,4679.078422977394915,44372,46297.26118504916204,,0.013383332308312781,0.02489422285087927
2019-09-28,2,350264227.552546868635271,0,0,10142.862837,1262.1585021954925,0.00012739672268770362,1.04490524586589,,-7.524041201488778,335211473.9,8,8,33049,34533.07347062179861,4131.125,4316.63418382772482625,3523.5,3681.723633808463415,33049,34533.07347062179861,,0.012912002130665443,0.02490040698171638
2019-09-29,2,348015612.638384481527666,0,0,6803.97576268,1257.4272029482752,0.0001287365812112498,1.03819719709894,,-8.10853758736871,335211473.9,8,8,49267,51148.86130947347698,6158.375,6393.6076636841846225,5599,5812.86610655696506,49267,51148.86130947347698,,0.012921432359681606,0.02474480543016837
2019-09-30,2,348330205.229353862952515,0,0,6056.43336525,1262.5969982921695,0.00012546363629811693,1.03913568702385,,-7.907002633824163,335211473.9,8,8,55348,57514.0820053960498,6918.5,7189.260250674506225,8141.5,8460.123195904674775,55348,57514.0820053960498,,0.012936567990983406,0.024746894677958278
2019-10-01,2,345137353.572613804058942,0,0,8481.85708611,1254.7985192225403,0.00012383239347235332,1.02961079928778,,-10.62158883798285,335211473.9,8,8,39521,40691.24839865235338,4940.125,5086.4060498315441725,4268,4394.37889136024504,39521,40691.24839865235338,,0.01219805570915128,0.02472786564037821
2019-10-02,2,347791681.807953141023407,0,0,12735.03054099,1268.3651891690713,0.00012406880187025102,1.03752916856213,,-9.843773857643589,335211473.9,8,8,26322,27309.84277489238586,3290.25,3413.7303468615482325,2984.5,3096.505803573676985,26322,27309.84277489238586,,0.01236657667119744,0.024458349051825073
2019-10-03,3,349576393.184350228838362,0,0,9069.43118088,1277.7015580418501,0.00012633999999999985,1.04285330426558,,-7.941153312778459,335211473.9,9,9,36960.5841,38544.467256270858325278,4106.73156667,4282.7185840335715471562186,2069,2157.66348652548502,36960.5841,38544.467256270858325278,,0.01223676873879607,0.024444691768241576
2019-10-04,2,346722715.749738766129529,0,0,14308.76654715,1269.0240927585278,0.00012666911500228796,1.03434023816611,,-6.167398442927046,335211473.9,8,8,23427,24231.48875951745897,2928.375,3028.93609493968237125,2371,2452.42070469184681,23427,24231.48875951745897,,0.011384315981102426,0.024397097848430513
2019-10-05,2,347442319.332242112237896,0,0,14420.17869311,1273.0581208403821,0.00012730699879788014,1.03648695341464,,-2.725726797779919,335211473.9,8,8,23246,24094.17571907672144,2905.75,3011.77196488459018,1939,2009.74820267098696,23246,24094.17571907672144,,0.009684448409955372,0.02382636601117695
2019-10-06,2,323397504.9082381332731775,0,0,11682.69173318,1192.15716323632,0.00012282681021545628,0.964756668814725,,-8.767102591687909,335211473.9,8,8,28693,27681.763098300904425,3586.625,3460.220387287613053125,3446.5,3325.0338590699497125,28693,27681.763098300904425,,0.01613544016204237,0.025403322074254015
2019-10-07,2,318615029.9098606520070719,0,0,6981.53609156,1178.0285915864067,0.00011554667191288138,0.950489630330821,,-11.193293203918154,335211473.9,8,8,48014,45636.809110704039494,6001.75,5704.60113883800493675,5433.5,5164.4854064025159035,48014,45636.809110704039494,,0.016014847753518562,0.025431345504686058
2019-10-08,2,322559461.7161955742732866,0,0,14263.10415709,1199.2770124180315,0.00011748999999999997,0.962256625536694,,-9.438298396242008,335211473.9,8,8,23502,22614.955213363382388,2937.75,2826.8694016704227985,2684.5,2583.177911253255043,23502,22614.955213363382388,,0.016271924385755546,0.025493096530912085
2019-10-09,3,325428887.3108439395822556,0,0,6326.97070242,1224.6147376732135,0.00011290755932203393,0.970816671412404,,-7.430639385560965,335211473.9,9,9,52981.3539,51435.1816401205891737756,5886.8171,5715.0201822356210193084,4396,4267.710087528927984,52981.3539,51435.1816401205891737756,,0.01631054997837969,0.02551415518379115
2019-10-10,2,330794170.8820007208710878,0,0,10743.26882572,1247.0049274536125,0.00011503986269749938,0.986822339442602,,-6.257959828020401,335211473.9,8,8,31202,30790.830635288067604,3900.25,3848.8538294110084505,4008.5,3955.677347655670117,31202,30790.830635288067604,,0.01663786470092527,0.024330936629244678
2019-10-11,2,335639022.577562684031491,0,0,9097.38849567,1266.7721455492504,0.00012078324371712416,1.00127545955569,,-5.932211886600659,335211473.9,8,8,36847,36893.99685824850943,4605.875,4611.74960728106367875,3653,3657.65925375693557,36847,36893.99685824850943,,0.016744657936346746,0.024125700740269852
2019-10-12,2,337891112.794910812806904,0,0,15878.52180854,1308.7266193241348,0.00012109852630977166,1.00799387581736,,-5.6520532075602405,335211473.9,8,8,21111,21279.75871238028696,2638.875,2659.96983904753587,1474,1485.78297295478864,21111,21279.75871238028696,,0.016788629171332243,0.0239274991394048
2019-10-13,2,334902697.5133234999494962,0,0,13213.42874768,1304.3260934617535,0.00012049796863316582,0.999078860925958,,-5.319413538914892,335211473.9,8,8,25369,25345.631622830628502,3171.125,3168.20395285382856275,1688.5,1686.944656673480083,25369,25345.631622830628502,,0.016725165797947687,0.023787024662252125
2019-10-14,3,328845955.1481682605881902,0,0,7351.83142942,1316.1444017480171,0.00011753739921653851,0.981010438939418,,-6.8247832155333334,335211473.9,9,9,45595.642,44729.800772144562816356,5066.18244444,4969.97786356725804431093592,1674,1642.211474784585732,45595.642,44729.800772144562816356,,0.016992268571018997,0.023762360679553285
2019-10-15,2,334538988.9596990768282441,0,0,13952.03004662,1345.436848222129,0.00012229248770691676,0.997993848681619,,-6.783227924479397,335211473.9,8,8,24026,23977.800208424578094,3003.25,2997.22502605307226175,1978.5,1974.5308296165831915,24026,23977.800208424578094,,0.017009714221342575,0.02311153094385077
2019-10-16,2,326797614.5839866302652096,0,0,9116.93521268,1323.292809901011,0.00012180377261417134,0.974899846899264,,-9.6518937809524,335211473.9,8,8,36768,35845.117570792138752,4596,4480.639696349017344,3071,2993.917429827639744,36768,35845.117570792138752,,0.017318746089021692,0.02288385408994154
2019-10-17,2,341542234.607449215412434,0,0,12916.59501773,1389.9965503084052,0.00012621705931199244,1.01888587116006,,-8.120924407076183,335211473.9,8,8,25952,26442.12612834587712,3244,3305.26576604323464,2357.5,2402.02344125984145,25952,26442.12612834587712,,0.018572538345873243,0.020463830058674005
2019-10-18,2,335695234.818283277413029,0,0,14210.49955064,1372.0895382606286,0.0001258200000000007,1.00144315143111,,-9.08261439853884,335211473.9,8,8,23589,23623.04249910845379,2948.625,2952.88031238855672375,2813,2817.05958497571243,23589,23623.04249910845379,,0.018747691317488633,0.020411232883669663
2019-10-19,2,338627945.771246072501529,0,0,14350.42056167,1386.4225692301486,0.00012709251681633347,1.01019198964611,,-6.855231565262929,335211473.9,8,8,23359,23597.07468614348349,2919.875,2949.63433576793543625,1467.5,1482.456744805666425,23359,23597.07468614348349,,0.018719490912208633,0.020441241922594288
2019-10-20,2,342050127.700832203911921,0,0,12003.56205328,1402.7709198494267,0.0001242314536112936,1.02040101348939,,-5.081371503288799,335211473.9,8,8,27926,28495.71870270470514,3490.75,3561.9648378380881425,1630,1663.2536519877057,27926,28495.71870270470514,,0.018812238255958763,0.017283377310319363
2019-10-21,2,338656362.383369366156041,0,0,16559.37726128,1390.7164531267201,0.00012302962266784697,1.01027676184019,,-5.601633971093114,335211473.9,8,8,20243,20451.03248993096617,2530.375,2556.37906124137077125,1702.5,1719.996187032923475,20243,20451.03248993096617,,0.018866495394668264,0.017079545023483276
2019-10-22,2,329060560.8687971014733025,0,0,13393.99344308,1353.687233928803,0.00012225999999999998,0.981650648888475,,-8.223073112187505,335211473.9,8,8,25027,24567.770789731863825,3128.375,3070.971348716482978125,2204,2163.5580301501989,25027,24567.770789731863825,,0.019487935952631825,0.017341085255907197
2019-10-23,2,322378236.0598109593253356,0,0,4779.92661952,1325.6761205503772,0.0001289503045002922,0.961715994709604,,-9.20782933409419,335211473.9,8,8,70129,67444.180992989818916,8766.125,8430.5226241237273645,5146.5,4949.471366772976986,70129,67444.180992989818916,,0.019717219494033388,0.017095093040931514
2019-10-24,2,320969670.0676965704177269,0,0,11726.01091055,1320.5852704217502,0.00012844999999999998,0.957513972697271,,-8.745588728729555,335211473.9,8,8,28587,27372.451937496886077,3573.375,3421.556492187110759625,3431.5,3285.7091973106854365,28587,27372.451937496886077,,0.019683595443464843,0.016978272505993635
2019-10-25,2,328450990.2060061264936656,0,0,4907.99973499,1351.1852841145324,0.0001131883115137346,0.979832182904304,,-6.011784865093654,335211473.9,8,8,68299,66921.558260181058896,8537.375,8365.194782522632362,3896,3817.426184595168384,68299,66921.558260181058896,,0.02023641538638071,0.017266803064697037
2019-10-26,2,331501801.7355302432239453,0,0,2205.07751648,1356.2490381393745,0.00010691579508989239,0.988933337748527,,-4.838513575987344,335211473.9,8,8,152018,150335.668137855577486,19002.25,18791.95851723194718575,11753.5,11623.4279852273120945,152018,150335.668137855577486,,0.02033979008317023,0.0173368899055043
2019-10-27,2,334836710.0298245740144616,0,0,5515.79605911,1374.7138882657696,0.00010450572296902403,0.998882007629944,,-4.2656275812942415,335211473.9,8,8,60773,60705.056249694586712,7596.625,7588.132031211823339,7459,7450.660894911752296,60773,60705.056249694586712,,0.02042672559861428,0.017149262922912
2019-10-28,2,323112840.0492070290931966,0,0,5780.9035612,1325.6755942750221,0.00010343266803039158,0.963907459043594,,-7.751687259946234,335211473.9,8,8,57986,55893.137920101841684,7248.25,6986.6422400127302105,6566.5,6329.498329809760001,57986,55893.137920101841684,,0.02134674065798741,0.017490817049923637
2019-10-29,2,319900429.9241416937808451,0,0,6240.78852233,1312.3917027073405,0.00010118791922546137,0.954324224652209,,-8.078713049996608,335211473.9,8,8,53713,51259.617078744102017,6714.125,6407.452134843012752125,5683.5,5423.9017308108298515,53713,51259.617078744102017,,0.021378082759601263,0.01751299324882779
2019-10-30,2,321206080.7135960853005464,0,0,7727.86209051,1317.3697915927673,0.00010434872641599235,0.958219230912776,,-7.786899932464424,335211473.9,8,8,43377,41564.675579303484552,5422.125,5195.584447412935569,3991,3824.252950572889016,43377,41564.675579303484552,,0.0214048730200879,0.01753456941086129
2019-10-31,2,335604271.588504101988445,0,0,9500.65113227,1377.000328523651,0.00010935461133839893,1.00117179070255,,-2.7621124996845894,335211473.9,8,8,35283,35324.34429135807165,4410.375,4415.54303641975895625,2498,2500.9271331749699,35283,35324.34429135807165,,0.02298261233390658,0.018296608368595882
2019-11-01,2,334682537.7970502548386831,0,0,9588.15462658,1373.7265920646892,0.00010792140661752528,0.998422082344629,,-3.769251737924425,335211473.9,8,8,34961,34905.834420850574469,4370.125,4363.229302606321808625,3713.5,3707.6404027867797915,34961,34905.834420850574469,,0.022926891628314162,0.01829583824975017
2019-11-02,2,337819825.530513969800387,0,0,17229.20815687,1387.9229052092037,0.00010836134761820202,1.00778121226033,,-3.363089694571115,335211473.9,8,8,19456,19607.39126573698048,2432,2450.92390821712256,2063,2079.05264089306079,19456,19607.39126573698048,,0.02298026195718814,0.018271193706653983
2019-11-03,2,339539808.607449689784459,0,0,13973.54928926,1399.0985557200631,0.00010998392928112257,1.01291225105481,,-2.07165749920856,335211473.9,8,8,23989,24298.75199055383709,2998.625,3037.34399881922963625,1855,1878.95222570667255,23989,24298.75199055383709,,0.022967508391285234,0.01798614603884555
2019-11-04,2,338181467.085204495755246,0,0,8419.43723062,1396.0719105126132,0.00010711631794272373,1.00886005825114,,-2.6654358815115695,335211473.9,8,8,39814,40166.75435921088796,4976.75,5020.844294901360995,4262.5,4300.26599829548425,39814,40166.75435921088796,,0.0229690466009448,0.017476187207177522
2019-11-05,2,335153246.7408066704388343,0,0,8626.57558032,1386.4162587458522,0.00010715347733745622,0.999826297237037,,3.6350749941327294,335211473.9,8,8,38858,38851.250258036783746,4857.25,4856.40628225459796825,3876.5,3875.8266412393739305,38858,38851.250258036783746,,0.0187719778471249,0.017486176914267414
2019-11-06,2,328134325.5666427995409301,0,0,10935.32569648,1359.338383674404,0.00010463864056107534,0.978887511662359,,2.9877107992913086,335211473.9,8,8,30654,30006.817782497952786,3831.75,3750.85222281224409825,2809.5,2750.1844640153976105,30654,30006.817782497952786,,0.0189907547482592,0.01759352441921763
2019-11-07,2,329031629.5841289322839696,0,0,9044.12567181,1364.982218025872,0.00010656727527761548,0.981564341327664,,2.0065038035151206,335211473.9,8,8,37064,36380.700746968538496,4633,4547.587593371067312,3053.5,2997.206716244022024,37064,36380.700746968538496,,0.018874009429726796,0.01758521435680892
2019-11-08,2,331834429.8467217592910695,0,0,6638.90267567,1383.1331702001667,0.00011260243762866448,0.989925631083005,,1.9683386403737901,335211473.9,8,8,50492,49983.32496464308846,6311.5,6247.9156205803860575,4900.5,4851.1305551222660025,50492,49983.32496464308846,,0.01886852997369762,0.017561258402443002
2019-11-09,2,327215614.817594754457713,0,0,24176.8102344,1365.6213285177814,0.00011078999999999989,0.97614682161867,,-1.0818074740750225,335211473.9,8,8,13865,13534.27568174285955,1733.125,1691.78446021785744375,1983,1935.69914726982261,13865,13534.27568174285955,,0.01881160069624697,0.01763004736297857
2019-11-10,2,330524293.1619425651878622,0,0,8834.83933108,1378.8308585620998,0.00010903783676252039,0.986017242537898,,-1.5238780569497634,335211473.9,8,8,37942,37411.466216372925916,4742.75,4676.4332770466157395,1892,1865.544622881703016,37942,37411.466216372925916,,0.018706727769698374,0.017618552448959487
2019-11-11,3,327155142.1893031225780629,0,0,2624.08781547,1359.5317341795453,0.00011201000000000002,0.975966420191511,,-3.1773462512238693,335211473.9,10,10,127744,124673.854380944381184,12774.4,12467.3854380944381184,2748.5,2682.4437058963679835,127744,124673.854380944381184,,0.018737448329070344,0.017643707264394397
2019-11-12,2,329077353.3328034906483081,0,0,13055.43986213,1368.916989452779,0.0001116970553341437,0.981700744023379,,-1.7394139323969593,335211473.9,8,8,25676,25206.148303544279204,3209.5,3150.7685379430349005,1972.5,1936.4047175861150775,25676,25206.148303544279204,,0.018718935187719783,0.017610050558172045
2019-11-13,2,321309240.5879794152273287,0,0,15945.74607078,1340.5516885598681,0.00010933689515173476,0.958526976567133,,-2.2918678007740745,335211473.9,8,8,21022,20150.154101394269926,2627.75,2518.76926267428374075,2141.5,2052.6855203185153195,21022,20150.154101394269926,,0.018929536045870925,0.017851781568717032
2019-11-14,2,320068421.4055679038457631,0,0,13425.64378004,7075.39144748214,0.00011044271186440684,0.954825375401829,,-4.325524985631616,335211473.9,8,8,24968,23840.079973032866472,3121,2980.009996629108309,2885,2754.671208034276665,24968,23840.079973032866472,,0.01862941950683904,0.017691552707701896
2019-11-15,2,321950666.5266692010087731,0,0,10703.81817863,7150.715585412909,0.00011344842030350019,0.960440472937729,,-1.4831650663936398,335211473.9,8,8,31317,30078.114290990859093,3914.625,3759.764286373857386625,3347.5,3215.0744831590478275,31317,30078.114290990859093,,0.018202480268127225,0.01767487830519355
2019-11-16,2,324606340.3051883301636003,0,0,18303.56415311,7244.443774014541,0.00011422484526876607,0.968362856224977,,-4.958653011603702,335211473.9,8,8,18314,17734.597348904228778,2289.25,2216.82466861302859725,1093.5,1058.9047832820123495,18314,17734.597348904228778,,0.016241501780399667,0.017306864302342163
2019-11-17,2,324446944.2264634311003809,0,0,14424.52230733,7288.766345829425,0.0001138000000000001,0.967887347207131,,-3.3507447902585508,335211473.9,8,8,23239,22492.734061746517309,2904.875,2811.591757718314663625,2154.5,2085.3132895577637395,23239,22492.734061746517309,0.031092493312912795,0.015973442080735978,0.01729821815813804
2019-11-18,2,323808442.4321000600221757,0,0,8673.22502264,7267.042444197496,0.00011803979104248808,0.965982574118863,,-4.376337961532879,335211473.9,8,8,38649,37334.260507119936087,4831.125,4666.782563389992010875,3154.5,3047.1920300579533335,38649,37334.260507119936087,0.030886428720082702,0.015865340621945927,0.017209191791276474
2019-11-19,2,319427999.7658689286136993,0,0,11684.72789668,7209.138536231631,0.00011740001578024554,0.952914875047387,,-6.613687907975076,335211473.9,8,8,28688,27337.221935359438256,3586,3417.152741919929782,3016.5,2874.4677205804428855,28688,27337.221935359438256,0.030890606205637317,0.015859998642517484,0.017252939219490476
2019-11-20,2,319548096.4606790981744154,0,0,16354.97042838,7238.607390065619,0.00011802967807436703,0.953273146479486,,-5.642376179857243,335211473.9,8,8,20496,19538.286410243545056,2562,2442.285801280443132,1623,1547.162316736205778,20496,19538.286410243545056,0.030109584224718763,0.015799380396742942,0.01725255575196582
2019-11-21,2,315367415.4751602442435448,0,0,7504.34247241,7124.946609517786,0.0001235900000000001,0.940801374744232,,-4.161284280766963,335211473.9,8,8,44669,42024.656608450099208,5583.625,5253.082076056262401,3553,3342.667284466256296,44669,42024.656608450099208,0.02930030000120888,0.015129806588114025,0.017312328667304724
2019-11-22,2,315360231.4630819278484015,0,0,3975.23242099,7035.904062579853,0.0001292719760374051,0.940779943460885,,-2.1769473902782255,335211473.9,8,8,84325,79331.268732339127625,10540.625,9916.408591542390953125,9125.5,8585.0873740523060675,84325,79331.268732339127625,0.02824939643977325,0.014694090130667388,0.017285531671178633
2019-11-23,2,312358704.9052663791134767,0,0,11478.27263046,6981.697309756589,0.00012721456049094094,0.931825815122453,,-2.682797150464103,335211473.9,8,8,29204,27213.041104836117412,3650.5,3401.6301381045146765,3131,2917.546627148400343,29204,27213.041104836117412,0.028056933193157538,0.01476873702904021,0.017286316098324272
2019-11-24,2,309129874.3357327223755174,0,0,9380.2180966,6942.54514962437,0.0001328162232612508,0.922193595401666,,-5.882495850645811,335211473.9,8,8,35736,32955.510325273936176,4467,4119.438790659242022,3276,3021.106218535857816,35736,32955.510325273936176,0.027951021410273766,0.01414770029431287,0.017310944662778785
2019-11-25,2,304069637.8572062796756031,0,0,4107.12809709,6764.0616023071025,0.0001270615300993571,0.907097941247429,,-8.275117581475207,335211473.9,8,8,81617,74034.612670791412693,10202.125,9254.326583848926586625,8727.5,7916.6972822369365975,81617,74034.612670791412693,0.027834816888759797,0.014221537360084368,0.01741096698148922
2019-11-26,2,304778461.4317826690397447,0,0,10543.2306064,6854.357607132217,0.00012688861893629463,0.909212497668573,,-8.976987199332035,335211473.9,8,8,31794,28907.502150874609962,3974.25,3613.43776885932624525,3233.5,2939.9386112113307955,31794,28907.502150874609962,0.02739162133923076,0.014049590921734944,0.01740205857992253
2019-11-27,2,306223379.7951638654222816,0,0,6213.0275221,6889.710699610056,0.00012136833985973106,0.913522965763744,,-5.227108972664485,335211473.9,8,8,53953,49287.304571851280032,6744.125,6160.913071481410004,6825,6234.7942413375528,53953,49287.304571851280032,0.027051189116031802,0.012697029282139312,0.017419153818052403
2019-11-28,3,306988244.9321976523578386,0,0,1428.54118166,6607.5623213456165,0.0001231526732904734,0.915804704894374,,-4.03631373518501,335211473.9,9,9,234653,214896.321417579542222,26072.55555556,23877.36904640179715668841944,2511,2299.585613989773114,234653,214896.321417579542222,0.02679447959187907,0.012623325545179843,0.01742082446316166
2019-11-29,2,304668795.2860382078773064,0,0,9314.27585929,6547.513083482975,0.0001173097667505927,0.908885342561176,,-5.148496999439865,335211473.9,8,8,35989,32709.874593434163064,4498.625,4088.734324179270383,3419,3107.478986216660744,35989,32709.874593434163064,0.026733431558885287,0.012629307586046686,0.01743055747249962
2019-11-30,2,307931355.7721187331410175,0,0,17961.28564004,6636.487709158461,0.00012157155030330987,0.918618185080325,,-8.245698329583853,335211473.9,8,8,18663,17144.171188154105475,2332.875,2143.021398519263184375,2287.5,2101.3390983712434375,18663,17144.171188154105475,0.026738457306967094,0.009581615617834861,0.017484318755620846
2019-12-01,2,307227640.8276800096064015,0,0,10247.9814705,6682.678968500651,0.00012355790975126214,0.916518868680885,,-8.203265443749796,335211473.9,8,8,32710,29979.33219455174835,4088.75,3747.41652431896854375,3059.5,2804.0894787291676575,32710,29979.33219455174835,0.02663633575374868,0.009582184221390387,0.01743921392992938
2019-12-02,2,306404108.53072958022851,0,0,18929.94544274,6731.796514075901,0.00012490066684881938,0.9140621141809,,-9.299548050635865,335211473.9,8,8,17708,16186.2119179153772,2213.5,2023.27648973942215,1895,1732.1477063728055,17708,16186.2119179153772,0.0266009879728769,0.009302413144687563,0.017413798299158456
2019-12-03,2,305236052.5414816298734649,0,0,26965.76895664,6771.696272111095,0.00012462660375147893,0.910577579550691,,-10.10301449089509,335211473.9,8,8,12431,11319.389891394639821,1553.875,1414.923736424329977625,1628.5,1482.8755882983002935,12431,11319.389891394639821,0.025354394729758478,0.009168478626222758,0.017397397756156313
2019-12-04,2,305004299.4414667483704973,0,0,11276.70974568,6788.679476643557,0.00012610999999999994,0.909886215686207,,-9.810462982993329,335211473.9,8,8,29726,27047.277647488189282,3715.75,3380.90970593602366025,2482.5,2258.7925304410088775,29726,27047.277647488189282,0.025264447409353866,0.009182056604637338,0.01738965608612298
2019-12-05,2,309137284.0790888418246831,0,0,11711.26275722,7282.88185850629,0.00012455495534043166,0.922215700084629,,-7.762408066969272,335211473.9,8,8,28623,26396.579983522335867,3577.875,3299.572497940291983375,3110.5,2868.5519351132385045,28623,26396.579983522335867,0.02524492683513866,0.009618613347904138,0.014916988871934241
2019-12-06,2,308095055.0316465190003307,0,0,12807.52966416,7268.296131577146,0.00012199112207809295,0.919106531310313,,-6.107032691685404,335211473.9,8,8,26173,24055.775243984822149,3271.625,3006.971905498102768625,1941,1783.985777273317533,26173,24055.775243984822149,0.025163321317012464,0.008966876882188921,0.014805529593541374
2019-12-07,2,304163983.9941344643842177,0,0,19431.4227523,7206.496165923712,0.00012078966680410272,0.907379393835643,,-7.557828291895611,335211473.9,8,8,17251,15653.201923058677393,2156.375,1956.650240382334674125,1275,1156.908727140444825,17251,15653.201923058677393,0.024346289273804222,0.009126852108845212,0.014791117946936428
2019-12-08,2,309693752.5793916224965155,0,0,17672.47331822,7399.119229129043,0.00012270993248585191,0.923875752152145,,-6.672206159426307,335211473.9,8,8,18968,17524.07526682188636,2371,2190.509408352735795,1433,1323.913952834023785,18968,17524.07526682188636,0.024398019234233088,0.009676255894996379,0.014940876532817856
2019-12-09,2,303776844.3286820233291604,0,0,11543.889865,7295.830366516588,0.0001234600000000001,0.906224482099036,,-7.163096572264303,335211473.9,8,8,29038,26314.946511191807368,3629.75,3289.368313898975921,2111.5,1913.492993952114514,29038,26314.946511191807368,0.02432209584724722,0.009940716449076372,0.014954862541427702
2019-12-10,2,301047322.1580791214363318,0,0,19640.91368723,7280.426034634933,0.00012418008810925442,0.898081794920562,,-8.918246438672824,335211473.9,8,8,17067,15327.561993909231654,2133.375,1915.94524923865395675,1857.5,1668.186934064943915,17067,15327.561993909231654,0.0243246273584337,0.009718883996985114,0.014837595380614538
2019-12-11,2,300698760.4194850083316454,0,0,17883.66804844,7302.5898403843175,0.0001245811260166624,0.897041968525186,,-8.086799917853513,335211473.9,8,8,18744,16814.154658036086384,2343,2101.769332254510798,1455,1305.19606420414563,18744,16814.154658036086384,0.024307370940625402,0.009630144627675755,0.014795926880948003
2019-12-12,2,295673702.08192342925,0,0,13592.77701229,7207.141336189053,0.000122628913039278,0.8820512575,,-10.150698889661419,335211473.9,8,8,24661,21752.2660612075,3082.625,2719.0332576509375,1684.5,1485.81534325875,24661,21752.2660612075,0.024325529576433084,0.009816015436999836,0.014894715211991236
2019-12-13,2,291704628.4299963508162184,0,0,17495.37963987,7135.522719274597,0.00012011350110055562,0.870210750951256,,-9.213744398949796,335211473.9,7,7,19160,16673.23798822606496,2737.14285714,2381.89114117266582071156784,1360,1183.48662129370816,19160,16673.23798822606496,0.0242662663635737,0.009241366822064742,0.014819911341575336
2019-12-14,2,294885508.6561941737617149,0,0,25849.12661166,7247.232555222516,0.00012440766550193892,0.879699925618191,,-7.867977927589344,335211473.9,8,8,12968,11407.948635416700888,1621,1425.993579427087611,1182.5,1040.2451620435108575,12968,11407.948635416700888,0.024188066244257022,0.009589760195645466,0.0147034349565111
2019-12-15,2,291587770.6101473677874319,0,0,27691.98462619,7229.8931296728615,0.00012232134381220564,0.869862141703221,,-9.430915687825332,335211473.9,8,8,12105,10529.681225317490205,1513.125,1316.210153164686275625,1616,1405.697220992405136,12105,10529.681225317490205,0.02415860966250559,0.009569716195740863,0.014486875305383002
2019-12-16,2,288095650.4048421369599471,0,0,8074.46643141,7175.638326963663,0.00012487577061148704,0.859444478594389,,-11.247682305286943,335211473.9,8,8,41515,35679.837528846059335,5189.375,4459.979691105757416875,1989,1709.435067924239721,41515,35679.837528846059335,0.024164929428300716,0.009443086965899839,0.01322164917423369
2019-12-17,2,288378445.0737320519047483,0,0,6726.156749,7209.78728656275,0.00013016992862948794,0.860288109230297,,-11.116917509802661,335211473.9,8,8,49837,42874.178499710311589,6229.625,5359.272312463788948625,5006,4306.602274806866782,49837,42874.178499710311589,0.024103877125775143,0.009465628446549613,0.013093320740498867
2019-12-18,2,292981204.445006470118606,0,0,6059.71788387,7389.819719912568,0.00011998132554061953,0.87401902159354,,-9.520208230382329,335211473.9,8,8,55318,48348.98423651144572,6914.75,6043.623029563930715,4949,4325.52013786642946,55318,48348.98423651144572,0.024056418462058343,0.010127672063527198,0.013228782912207965
2019-12-19,2,281776437.7758151861990777,0,0,9446.03584129,7125.304175629737,0.00011762851085883373,0.840593057563043,,-11.787182719627333,335211473.9,8,8,35487,29830.125833739706941,4435.875,3728.765729217463367625,3146.5,2644.9260556221147995,35487,29830.125833739706941,0.024194950118937995,0.011917654182794276,0.013941565019551856
2019-12-20,2,286266620.7503885688844677,0,0,16503.93746738,7265.341060110301,0.00011886999999999999,0.853988132983143,,-10.415169446764603,335211473.9,6,6,20311,17345.352969020617473,3385.16666667,2890.89216150628287260994381,2221,1896.707643355560603,20311,17345.352969020617473,0.024198764945413034,0.012442684605091969,0.014126359428131152
2019-12-21,0,285827193.7090544053364568,0,0,,7304.960429528317,0.00011941759806765594,0.852677237994312,,-9.366922616782688,335211473.9,0,0,0,0,,,,,0,0,0.0241409549050747,0.012316941504744668,0.013710015605174064
2019-12-22,0,293064446.1241321167129964,0,0,,7573.958728835515,0.00011688999999999997,0.874267347458276,,-7.069941963040422,335211473.9,0,0,0,0,,,,,0,0,0.024221648135151888,0.013349391833072587,0.013945072512130341
2019-12-23,3,276325235.4426770792336594,0,0,22.25292109,1580.9771330128867,0.00011258663858986841,0.824331077417446,,-11.535926131310374,335211473.9,7,7,15063706.58,12417481.47499167071699468,2151958.08285714,1773925.924998807747196161664,8721,7188.991326157546566,15063706.58,12417481.47499167071699468,0.0245426818802998,0.016829783236561216,0.015779722423046278
2019-12-24,2,272820570.7808620957399263,0,0,11844.50987244,1567.307014911701,0.00011248171822603844,0.813875991793317,,-11.745646917138988,335211473.9,8,8,28301,23033.504443742664417,3537.625,2879.188055467833052125,3630.5,2954.7767882056373685,28301,23033.504443742664417,0.024084182352705357,0.016865984780330318,0.015471625399166161
2019-12-25,2,272080368.9684855060585819,0,0,26319.99638034,1569.8411173261582,0.00011286999999999994,0.811667828081721,,-10.520375896176528,335211473.9,8,8,12736,10337.401458448798656,1592,1292.175182306099832,1201,974.813061526146921,12736,10337.401458448798656,0.023819053359548262,0.01670522340492244,0.015386775202435718
2019-12-26,2,277929644.5483425025319437,0,0,12722.94659354,1606.1078498951374,0.00011524098006021819,0.829117336929983,,-8.809289461371481,335211473.9,8,8,26347,21844.754476094262101,3293.375,2730.594309511782762625,2071,1717.102004781994793,26347,21844.754476094262101,0.023695999370978355,0.01728891982486154,0.015618704197334457
2019-12-27,2,273140142.8152429239763105,0,0,13264.66993392,1579.8443747809372,0.00011258980206182966,0.814829336351195,,-10.803628711188113,335211473.9,8,8,25271,20591.552158931048845,3158.875,2573.944019866381105625,2408.5,1962.5164566018531575,25271,20591.552158931048845,0.023014906195886,0.017415659727536725,0.015144706479615737
2019-12-28,3,267363408.1153408362509724,0,0,16755.07732027,1549.9371281404583,0.00011088162702820361,0.810172498138956,,-11.534359475430009,330008002.9,8,8,19696,15957.157523344877376,2462,1994.644690418109672,1519.5,1231.057110922143642,19696,15957.157523344877376,0.023014596498283364,0.017377673775250287,0.015120385382086396
2019-12-29,2,270907725.9341013557889147,0,0,14737.10547493,1574.4524371789223,0.00011106052547902281,0.820912594705143,,-9.679190953628092,330008002.9,8,8,22393,18382.695733232267199,2799.125,2297.836966654033399875,2158,1771.529379373698594,22393,18382.695733232267199,0.023039682593469838,0.017644620051093806,0.015234914803890238
2019-12-30,2,267779974.1331635415557203,0,0,13741.74486363,1558.4085931104744,0.00011224100398646621,0.811434788793007,,-11.667894020402585,330008002.9,8,8,24015,19486.606452864063105,3001.875,2435.825806608007888125,2289,1857.374231547193023,24015,19486.606452864063105,0.02304057781009722,0.01750114796706409,0.01400297114937576
2019-12-31,2,269179622.3354773579981366,0,0,23173.0919809,1568.145560153381,0.00011380369547196585,0.815676044126254,,-11.002809434765986,330008002.9,8,8,14241,11616.042544401983214,1780.125,1452.00531805024790175,1310.5,1068.943455827455867,14241,11616.042544401983214,0.022721108323996674,0.017581853793505818,0.014047885990828665
2020-01-01,2,267915381.1634228612518645,0,0,33014.00589236,1563.8608241990594,0.00011321807032236875,0.811845103176505,,-11.182720453958714,330008002.9,8,8,9996,8115.20365135234398,1249.5,1014.4004564190429975,1188,964.47198257368794,9996,8115.20365135234398,0.02268299979102209,0.01758096745660909,0.013949345828342976
2020-01-02,2,269899256.0900738886349362,0,0,16631.79129624,1576.2592082310796,0.00011773100199065848,0.817856699589978,,-10.182644734835723,330008002.9,8,8,19842,16227.912633264343476,2480.25,2028.4890791580429345,2071.5,1694.190153200639427,19842,16227.912633264343476,0.022653066902736073,0.017702334062460457,0.013976729088364627
2020-01-03,2,269370498.8624396664945412,0,0,9453.92050019,1572.722250251699,0.00011158167120661767,0.816254443817428,,-10.290492399444137,330008002.9,8,8,34907,28492.993870334959196,4363.375,3561.6242337918698995,3917.5,3197.67678365477419,34907,28492.993870334959196,0.022651267485704896,0.017697092102691846,0.013978127227077555
2020-01-04,2,278451409.3960998747410507,0,0,21294.96050203,1627.2831080199173,0.00011490573611900035,0.843771687198983,,-8.506037457229093,330008002.9,8,8,15497,13075.929836522639551,1937.125,1634.491229565329943875,1577.5,1331.0498365563956825,15497,13075.929836522639551,0.022467636050446348,0.01869006148712325,0.014737441999347886
2020-01-05,2,280053023.4187440137305765,0,0,14952.10923384,1639.5075020118018,0.00011552942611390722,0.848624945327785,,-7.668489297105391,330008002.9,8,8,22071,18730.001168329542735,2758.875,2341.250146041192841875,1555,1319.611789984705675,22071,18730.001168329542735,0.022386769444504906,0.018757031226114208,0.01457847796245641
2020-01-06,2,286595173.1318368504537635,0,0,8891.97863013,1676.7582626487738,0.00011182999999999995,0.868449160666815,,-4.290403047865513,330008002.9,8,8,37113,32230.753699827505095,4639.125,4028.844212478438136875,4149,3603.195567606615435,37113,32230.753699827505095,0.022307478650136076,0.019225857884134095,0.014932144371959825
2020-01-07,2,293682430.9755224792580516,0,0,4789.73574217,1717.1202603174113,0.00010938000000000001,0.889925178767604,,-3.674798619343997,330008002.9,8,8,68899,61314.954891909147996,8612.375,7664.3693614886434995,7185.5,6394.557372034618542,68899,61314.954891909147996,0.02239918203565057,0.019483752578848722,0.015260897783607699
2020-01-08,2,295421535.9827000995091677,0,0,5429.54924153,1724.642240689764,0.00011107052600818227,0.895195066139713,,-1.217073272372453,330008002.9,8,8,60780,54409.95611997175614,7597.5,6801.2445149964695175,6090.5,5452.1855503239220265,60780,54409.95611997175614,0.02240880981694192,0.01922044900925536,0.015206652683088741
2020-01-09,2,284284865.2514308657193549,0,0,9931.6240189,1660.5181814287705,0.00011019999999999995,0.861448397472881,,-4.079071378005301,330008002.9,8,8,33228,28624.207351228889868,4153.5,3578.0259189036112335,4267.5,3676.2310362155196675,33228,28624.207351228889868,0.02227181642921577,0.020389024931090526,0.015859320872327845
2020-01-10,2,288962923.3010647239220223,0,0,6182.3564117,1685.0585382183044,0.00010770523962594975,0.875623987181387,,-2.3876231096536116,330008002.9,8,8,53379,46739.932811755256673,6672.375,5842.491601469407084125,6196,5425.366224575873852,53379,46739.932811755256673,0.02231252482282776,0.020643991418519678,0.016002556819846896
2020-01-11,2,281645646.5832042013362384,0,0,7295.25163365,1640.9785900028587,0.00010625627181410187,0.853450959092496,,-3.24247578180047,330008002.9,8,8,45236,38606.707585508149056,5654.5,4825.838448188518632,3420,2918.80228009633632,45236,38606.707585508149056,0.022282918260114342,0.020940107874320754,0.01626156744544232
2020-01-12,2,285903235.1205754282300504,0,0,9795.71975719,1667.4628386001157,0.00010611147342944535,0.866352429662776,,-0.44337780063763893,330008002.9,8,8,33689,29186.547002909260664,4211.125,3648.318375363657583,3225,2793.9865856624526,33689,29186.547002909260664,0.02171894598811925,0.021004249770584963,0.016162625689810844
2020-01-13,2,276296876.5469173930057548,0,0,10768.38748613,1611.2605771757098,0.00010308429212108534,0.837242958106812,,-4.826301136895425,330008002.9,8,8,30646,25658.147694141360552,3830.75,3207.268461767670069,2499,2092.270152308923188,30646,25658.147694141360552,0.021845522444192876,0.02178559121695298,0.016696834535975615
2020-01-14,2,296298170.3089455732166116,0,0,2453.51813255,1718.4450526066937,0.00010168000000000003,0.897851469374004,,3.217673965667582,330008002.9,8,8,134504,120764.614036681034016,16813,15095.576754585129252,15240.5,13683.705318994507962,134504,120764.614036681034016,0.02246452962521233,0.02530508036678296,0.01909418973965507
2020-01-15,2,291618768.1569354936516272,0,0,2686.74897336,1682.4051396528862,0.0001002867844669089,0.883671806726768,,2.8189520947301387,330008002.9,8,8,122828,108539.640676635459904,15353.5,13567.455084579432488,12202,10782.563385680023136,122828,108539.640676635459904,0.022007997259655687,0.025383936863441255,0.019148265004143922
2020-01-16,2,283771648.7013090208573224,0,0,7790.00549772,1635.790925418122,0.00009862645989200446,0.859893233520456,,-0.045900403086388965,330008002.9,6,6,42363,36427.657051627077528,7060.5,6071.276175271179588,4269,3670.884213898826664,42363,36427.657051627077528,0.022055909602564323,0.025900896052279156,0.019433874065086197
2020-01-17,2,299073715.343651124299214,0,0,3839.26663526,1718.023833495212,0.00010168389867717877,0.90626200793766,,3.6890485844728613,330008002.9,8,8,85956,77898.65715428950296,10744.5,9737.33214428618787,8899,8064.82560863723634,85956,77898.65715428950296,0.02240999389586736,0.027492150088888063,0.020667974668554755
2020-01-18,2,297259380.3806527608354998,0,0,6061.9776796,1705.3655445564564,0.00010089,0.900764156530862,,7.158172248324354,330008002.9,8,8,54439,49036.699917383596418,6804.875,6129.58748967294955225,5396,4860.523388640531352,54439,49036.699917383596418,0.02241144501775093,0.02647028830121673,0.02061320341354245
2020-01-19,2,290399352.588356983010442,0,0,4126.95716698,1660.7257181356645,0.00010129397430999803,0.87997669764498,,3.043199742255664,330008002.9,8,8,79964,70366.45665048318072,9995.5,8795.80708131039759,5492,4832.83202346623016,79964,70366.45665048318072,0.022429332171768762,0.02674539220821231,0.020814127594075686
2020-01-20,2,289304997.5925641019921878,0,0,5743.96468244,1651.7596023724786,0.00010150929615561196,0.876660550805582,,2.8127070528684572,330008002.9,7,7,57453,50366.778625433102646,8207.57142857,7195.25408934633372007027774,5858,5135.477506619099356,57453,50366.778625433102646,0.022379342539667404,0.026755835586515727,0.020758844851222657
2020-01-21,2,291451534.7866146273753208,0,0,8500.97895157,1667.522822806472,0.0001011543291818358,0.883165051227352,,1.0177325957493453,330008002.9,8,8,38820,34284.46728864580464,4852.5,4285.55841108072558,2914,2573.542959276503728,38820,34284.46728864580464,0.022338269744929938,0.026400095664410272,0.020787883588694076
2020-01-22,2,293835110.5095124727103742,0,0,11079.29909689,1681.2513043494534,0.00010296000000000003,0.890387832802198,,8.013376808709161,330008002.9,8,8,29786,26521.091987846269628,3723.25,3315.1364984807837035,2570,2288.29673030164886,29786,26521.091987846269628,0.02233656662964207,0.023942886524650816,0.020790721306021998
2020-01-23,2,299879292.4956332314353264,0,0,7743.57657508,1718.9157992876285,0.0001086135927944376,0.908703091623216,,11.65129587137155,330008002.9,8,8,42617,38726.199655706596272,5327.125,4840.774956963324534,3866,3513.046152215353056,42617,38726.199655706596272,0.022297654282508662,0.02397515964448665,0.02092783131223868
2020-01-24,2,293928375.4515701762565,0,0,11112.50304408,1698.204093071152,0.00010573775471301215,0.890670446985,,9.733368278251477,330008002.9,7,7,29697,26450.240264113545,4242.42857143,3778.60575201749310063855,4633,4126.476180881505,29697,26450.240264113545,0.022098216025311052,0.024340344226592852,0.020979359506937773
2020-01-25,2,295760076.422970040092179,0,0,12571.25453887,1712.875053037884,0.0001073990572155878,0.89622092138351,,8.093376107897459,330008002.9,8,8,26251,23526.69540723852101,3281.375,2940.83692590481512625,1750,1568.3866124211425,26251,23526.69540723852101,0.021262319018109318,0.024106776187458063,0.02099360913178212
2020-01-26,2,292847795.8631676905049479,0,0,7617.91327101,1697.9154765934854,0.00010349999999999991,0.887396042792051,,8.905755254935908,330008002.9,7,7,43320,38441.99657375164932,6188.57142857,5491.71379624896790851029707,4085,3625.012834805528335,43320,38441.99657375164932,0.021265767978507866,0.023930935540696637,0.021019819985375398
2020-01-27,2,297701246.6143488287628819,0,0,5031.91380236,1725.17718775738,0.00010133759139749083,0.902103112646511,,11.347042107542341,330008002.9,8,8,65583,59162.628436696130913,8197.875,7395.328554587016364125,8882,8012.479846526310702,65583,59162.628436696130913,0.021239957245979144,0.023999189604047063,0.021130085266705508
2020-01-28,2,292754634.1526386559469833,0,0,3434.25642763,1691.7534492810858,0.00009541536946890214,0.887113741424477,,8.064335612138127,330008002.9,8,8,96093,85245.420754702268361,12011.625,10655.677594337783545125,10358,9188.724133674732766,96093,85245.420754702268361,0.021267504453589325,0.024207981294028538,0.02121702640676423
2020-01-29,2,296342514.2972709513847703,0,0,3051.08128531,1705.7181782900632,0.00009643373071407562,0.897985841837507,,10.666421287315387,330008002.9,5,5,108161,97127.046638986594627,21632.2,19425.4093277973189254,18044,16203.256530115976308,108161,97127.046638986594627,0.021278528931805842,0.024116381151684782,0.021231448384023587
2020-01-30,2,290797736.265733556458136,0,0,3512.51706084,1668.6928780375886,0.00009266917822574082,0.88118389163384,,8.03111087781884,330008002.9,5,5,93952,82788.98898678253568,18790.4,16557.797797356507136,8710,7675.1116961307464,93952,82788.98898678253568,0.021208660439919834,0.024452243918691392,0.021364491362065446
2020-01-31,2,287462912.4270658613864541,0,0,1071.73988822,1623.816807607502,0.00009309095856022142,0.871078609915329,,7.296158652316944,330008002.9,8,8,307918,268220.783407908275022,38489.75,33527.59792598853437775,49962,43520.829508589667498,307918,268220.783407908275022,0.021208319081224773,0.02455390278313757,0.021409239040078284
2020-02-01,2,287927060.6554720053139502,0,0,4377.98329641,1622.2164922924976,0.00009299676876551005,0.872485085589638,,6.679456930174597,330008002.9,8,8,75379,65767.053266661322802,9422.375,8220.88165833266535025,8128,7091.558775672577664,75379,65767.053266661322802,0.021184009568560057,0.024535729760282874,0.02140775279649479
2020-02-02,2,295170080.7402302779777813,0,0,2882.34217725,1656.5700937768256,0.0000957700000000001,0.894433099035097,,9.57773103838138,330008002.9,8,8,114493,102406.328807825360821,14311.625,12800.791100978170102625,11500,10285.9806389036155,114493,102406.328807825360821,0.021044514448025246,0.024866517265532587,0.02166049329624374
2020-02-03,2,293883765.6421915016697952,0,0,3012.80871776,1643.3362960710838,0.0000959647909970202,0.890535269022688,,5.542207985070367,330008002.9,8,8,109535,97544.78069240013008,13691.875,12193.09758655001626,12808,11405.975725642587904,109535,97544.78069240013008,0.02104319478592543,0.024235625665634624,0.021590911170626274
2020-02-04,2,293435010.4943544770440694,0,0,1424.99731373,1623.0871882328788,0.00009705431346705624,0.889175437915886,,4.778376220420702,330008002.9,8,8,231585,205919.69378975045931,28948.125,25739.96172371880741375,33600,29876.2947139737696,231585,205919.69378975045931,0.021035578399303458,0.024231215982040977,0.021588174377480424
2020-02-05,2,295883281.3014971459663686,0,0,1198.12517164,1615.7191476246169,0.00009312230199036157,0.896594260446334,,3.240845987796051,330008002.9,8,8,275437,246955.233314556897958,34429.625,30869.40416431961224475,30472,27321.020304320689648,275437,246955.233314556897958,0.021030328195866393,0.02392656145341018,0.021556755572144575
2020-02-06,2,297236013.6877418565982372,0,0,3694.71224376,1620.1112254238162,0.0000924804821016257,0.900693350087668,,1.21000861386753,330008002.9,6,6,89319,80449.029336480418092,14886.5,13408.171556080069682,11900,10718.2508660432492,89319,80449.029336480418092,0.021027427116299516,0.023529203410836443,0.021433675775044826
2020-02-07,2,308434380.61235627830867,0,0,5667.31930105,1676.9961261078677,0.00009536738028091542,0.9346269723823,,4.4048395410205305,330008002.9,8,8,58230,54423.328601821329,7278.75,6802.916075227666125,5480,5121.755808655004,58230,54423.328601821329,0.020747687598107793,0.024446153944287227,0.02182178419276343
2020-02-08,2,310344421.4211315736683427,0,0,5980.35596571,1685.9062155237546,0.00009488315961586952,0.940414834470463,,9.166705426492816,330008002.9,8,8,55182,51893.971395749089266,6897.75,6486.74642446863615825,6078,5715.841363911474114,55182,51893.971395749089266,0.020607114573134026,0.023265975722463163,0.021797366625356553
2020-02-09,2,319922402.291602188508365,0,0,6408.5445752,1745.8145605508118,0.00009550097223270671,0.96943831507185,,10.71399701970809,330008002.9,8,8,51495,49921.22603462491575,6436.875,6240.15325432811446875,5662,5488.9597399368147,51495,49921.22603462491575,0.020638993232082938,0.023683600611380938,0.02212824922499643
2020-02-10,2,328839003.9582455205318729,0,0,6434.28421104,1791.6586499267935,0.00010093407005164578,0.996457664870301,,16.7562886014996,330008002.9,8,8,51289,51107.317173532867989,6411.125,6388.414646691608498625,5300,5281.2256238125953,51289,51107.317173532867989,0.020705143987279514,0.023422376633132656,0.022252060862548783
2020-02-11,2,342270006.145296462401793,0,0,14324.50746159,1864.4140582629723,0.00010096711581702535,1.03715668449717,,19.715331657911875,330008002.9,7,7,23038,23894.01569744580246,3291.14285714,3413.4308139178656180442938,3352,3476.54920643451384,23038,23894.01569744580246,0.020881799455234374,0.02421717741086371,0.022687455493547476
2020-02-12,2,334826119.74234,0,0,5337.25805664,1819.5823717471026,0.00009793308467212805,1.0146,,21.183461762906987,330008002.9,8,8,61831,62733.7326,7728.875,7841.716575,8336,8457.7056,61831,62733.7326,0.020614841649383035,0.023614650055940413,0.02288827150650897
2020-02-13,2,330968846.949169272671195,0,0,3303.41647964,1791.0379914765997,0.00009798366863995132,1.00291157802455,,11.701279357909355,330008002.9,8,8,99899,100189.86373307452045,12487.375,12523.73296663431505625,9648,9676.0909047808584,99899,100189.86373307452045,0.020507752331862823,0.020547556184844135,0.022891753677839407
2020-02-14,2,325160680.2529661013365417,0,0,7367.56570146,1756.818424646297,0.0000950924575055864,0.985311499707773,,11.501973041042376,330008002.9,8,8,44792,44134.072694910568216,5599,5516.759086863821027,5454,5373.888919406193942,44792,44134.072694910568216,0.01942217767530838,0.02060881633320793,0.02296368000507508
2020-02-15,2,320476178.0769318266974914,0,0,4013.62169371,1725.567068812942,0.00009797653271807896,0.971116382817066,,12.93453012082158,330008002.9,8,8,82222,79847.131227984800652,10277.75,9980.8914034981000815,4193,4071.890993151957738,82222,79847.131227984800652,0.019416458058208564,0.020073492913855635,0.023065384795810547
2020-02-16,2,321654022.6329008906580381,0,0,4995.50419915,1729.1103468996141,0.00009793819906901668,0.974685522188289,,7.55008084321413,330008002.9,8,8,66061,64388.700281280559629,8257.625,8048.587535160069953625,4094,3990.362527838855166,66061,64388.700281280559629,0.019396797846959028,0.01786645067112489,0.02299524647291775
2020-02-17,2,327586664.8653195197178353,0,0,3539.98479882,1754.1707544249023,0.00010251519435122358,0.992662789952357,,10.20229687817806,330008002.9,8,8,93223,92539.003267728576611,11652.875,11567.375408466072076375,10878,10798.185829101739446,93223,92539.003267728576611,0.018331707349094506,0.01801923222824608,0.02245476640698374
2020-02-18,2,326347481.032456794507119,0,0,6107.07483576,1744.0175478147837,0.00009699640136433756,0.98890777849211,,12.378859706018877,330008002.9,8,8,54037,53437.60962637814807,6754.625,6679.70120329726850875,5288,5229.34433266627768,54037,53437.60962637814807,0.01827328384349427,0.01736614141001593,0.022404383779296242
2020-02-19,2,327483760.2699817388494484,0,0,4792.17011646,1747.359809350487,0.00010298367877577518,0.992350965407396,,13.19671730357931,330008002.9,8,8,68864,68337.256881814918144,8608,8542.157110226864768,6766,6714.246631946441336,68864,68337.256881814918144,0.01825040302073432,0.01730612645816896,0.022398632239864828
2020-02-20,2,327235935.67564,0,0,3307.48880392,1744.01026439805,0.00010314092918069874,0.9916,,12.277993634593425,330008002.9,8,8,99776,98937.8816,12472,12367.2352,7790,7724.564,99776,98937.8816,0.018107189076416966,0.01731713977195071,0.022206560006544074
2020-02-21,2,315262796.3850664548342558,0,0,7275.62950086,1678.597006543387,0.00009846821058961199,0.955318639592502,,7.292418471842313,330008002.9,8,8,45358,43331.342854636705716,5669.75,5416.4178568295882145,3728,3561.427888400847456,45358,43331.342854636705716,0.01828267378330786,0.018847472748945396,0.021363254448462654
2020-02-22,2,314236920.441409,0,0,9151.63624237,1672.9980914811663,0.00009841710475195596,0.95221,,4.7878023941865955,330008002.9,8,8,36060,34336.6926,4507.5,4292.086575,2862,2725.22502,36060,34336.6926,0.018272426288086105,0.01856012958214375,0.02128355696398356
2020-02-23,2,315088937.7456749193323406,0,0,6595.41136182,1680.144277231935,0.00009573918522935727,0.954791808007014,,7.199224049598889,330008002.9,8,8,50036,47773.962905438952504,6254.5,5971.745363179869063,5048,4819.789046819406672,50036,47773.962905438952504,0.018274559830986206,0.018106254443855767,0.02127203691907136
2020-02-24,2,317341078.1866773812240226,0,0,5002.09177706,1688.69814334993,0.00009966993416237666,0.961616310507594,,7.29679340927817,330008002.9,8,8,65974,63441.674469428006556,8246.75,7930.2093086785008195,4808,4623.451220920511952,65974,63441.674469428006556,0.018189643004478184,0.01811376348264766,0.021140778865981234
2020-02-25,2,302656820.0375546996165432,0,0,5329.07022737,1609.8428839661813,0.00009814763008552307,0.917119637638808,,3.3495297942997855,330008002.9,8,8,61926,56793.550680420824208,7740.75,7099.193835052603026,5166,4737.840048042082128,61926,56793.550680420824208,0.018446574559935015,0.020163996319864066,0.021957092142254
2020-02-26,2,318683248.068914438517967,0,0,2847.05641262,1705.465979124548,0.00010975060589830298,0.96568339333723,,7.048005909678409,330008002.9,8,8,115912,111934.29348850500376,14489,13991.78668606312547,8468,8177.40697477966364,115912,111934.29348850500376,0.01886097205366508,0.022022521929972415,0.022845636660903224
2020-02-27,2,314634122.1213878489697325,0,0,5393.34514774,1681.234676992362,0.00010860125418567838,0.953413612265425,,7.473660675629648,330008002.9,8,8,61188,58337.4721072968249,7648.5,7292.1840134121031125,5103,4865.269663390463775,61188,58337.4721072968249,0.01888185199940591,0.02191596101723459,0.02289409521373419
2020-02-28,2,317109277.7921980383656957,0,0,8068.65532763,1692.2344151818106,0.00010981128400424815,0.960913902104033,,7.007689579799978,330008002.9,8,8,40900,39301.3785960549497,5112.5,4912.6723245068687125,4626,4445.187711133256658,40900,39301.3785960549497,0.01882368630218302,0.021863403384578362,0.02282857164554033
2020-02-29,2,317062112.1070767321174544,0,0,16333.7954316,1693.043599025913,0.00011195069565870144,0.960770979251536,,9.031836416134457,330008002.9,8,8,20204,19411.416864798033344,2525.5,2426.427108099754168,2297,2206.890939340778192,20204,19411.416864798033344,0.018823795119392743,0.021503160074591295,0.02282953137359422
2020-03-01,2,319461270.9633399356587123,0,0,7828.25701917,1703.366182564837,0.00011333020439540585,0.968040981297487,,11.131299779199363,330008002.9,8,8,42156,40808.735607576861972,5269.5,5101.0919509471077465,3964,3837.314449863238468,42156,40808.735607576861972,0.018801818930626112,0.021343585548875416,0.022816659522590845
2020-03-02,2,319437395.2411476437063054,0,0,8268.59770239,1700.4872262913373,0.00010868462740322064,0.967968632378726,,10.943860057454028,330008002.9,8,8,39911,38632.596086867333386,4988.875,4829.07451085841667325,3948,3821.540160631210248,39911,38632.596086867333386,0.01869740720110524,0.021351004153057976,0.022812336846242856
2020-03-03,2,316477674.7811,0,0,9080.62305047,1683.9541273241352,0.00010936488905881667,0.959,,7.218751300075642,330008002.9,8,8,36342,34851.978,4542.75,4356.49725,3258,3124.422,36342,34851.978,0.018542339967190923,0.021080368661900346,0.02285805013667674
2020-03-04,2,318427643.6587220905758,0,0,10320.81322596,1693.88348329692,0.00011019508,0.964908853302,,8.3515596592,330008002.9,8,8,31975,30852.96058433145,3996.875,3856.62007304143125,2292,2211.571091768184,31975,30852.96058433145,0.018541593175390714,0.021052655107758524,0.022511133723757855
2020-03-05,2,321710973.2404806224535129,0,0,7267.93822182,1709.3075551109887,0.00010756917393611853,0.974858095601901,,9.636192592863804,330008002.9,8,8,45406,44264.406688899916806,5675.75,5533.05083611248960075,4222,4115.850879631226022,45406,44264.406688899916806,0.018535275300243095,0.021081495344775873,0.022530615270526834
2020-03-06,2,322747826.8362,0,0,8931.20440866,1712.7453653704636,0.00010691930748373095,0.978,,9.079440182133377,330008002.9,8,8,36950,36137.1,4618.75,4517.1375,3772,3689.016,36950,36137.1,0.01853042765993904,0.02105831899847054,0.02236541652536137
2020-03-07,2,322747826.8362,0,0,9724.4225277,1711.164778314515,0.00010990854830626727,0.978,,8.583015507420741,330008002.9,8,8,33936,33189.408,4242,4148.676,2146,2098.788,33936,33189.408,0.01850633231661323,0.021062353056609716,0.022171346059622572
2020-03-08,2,328434704.93027147383277,0,0,4166.92555147,1735.9465139013616,0.0001227225463012842,0.9952325460113,,6.484466575421052,330008002.9,8,8,79197,78819.4319464569261,9899.625,9852.4289933071157625,4763,4740.2926166518219,79197,78819.4319464569261,0.018551635251046243,0.02025430635144416,0.022259704805377988
2020-03-09,2,326019876.7858083535854251,0,0,1870.92094077,1707.2481978155834,0.0001251097840855372,0.987915062425319,,5.050986672451081,330008002.9,8,8,176388,174256.362031077167772,22048.5,21782.0452538846459715,18890,18661.71552921427591,176388,174256.362031077167772,0.01853935884819865,0.020311253624597018,0.021662410485744313
2020-03-10,2,327642752.525564270148634,0,0,89651.72586254,1717.0613409857049,0.00012551729473015037,0.99283274843746,,2.413194630529557,330008002.9,1,1,3681,3654.61734699829026,3681,3654.61734699829026,3681,3654.61734699829026,3681,3654.61734699829026,0.01854115081692442,0.01958764628347146,0.021587153371170918